-- phpMyAdmin SQL Dump
-- version 4.6.5.2
-- https://www.phpmyadmin.net/
--
-- Host: 127.0.0.1
-- Generation Time: Apr 28, 2017 at 09:00 AM
-- Server version: 10.1.21-MariaDB
-- PHP Version: 7.1.1

SET SQL_MODE = "NO_AUTO_VALUE_ON_ZERO";
SET time_zone = "+00:00";


/*!40101 SET @OLD_CHARACTER_SET_CLIENT=@@CHARACTER_SET_CLIENT */;
/*!40101 SET @OLD_CHARACTER_SET_RESULTS=@@CHARACTER_SET_RESULTS */;
/*!40101 SET @OLD_COLLATION_CONNECTION=@@COLLATION_CONNECTION */;
/*!40101 SET NAMES utf8mb4 */;

-- Base for 55 Classes, unedited
-- Database: `vet_css`
--

-- --------------------------------------------------------

--
-- Table structure for table `instructor`
--

CREATE TABLE `instructor` (
  `id` int(4) NOT NULL,
  `id_number` int(10) NOT NULL,
  `first_name` varchar(50) COLLATE utf8_unicode_ci NOT NULL,
  `last_name` varchar(50) COLLATE utf8_unicode_ci NOT NULL,
  `note` varchar(50) COLLATE utf8_unicode_ci NOT NULL
) ENGINE=InnoDB DEFAULT CHARSET=utf8 COLLATE=utf8_unicode_ci ROW_FORMAT=COMPACT;

--
-- Dumping data for table `instructor`
--

INSERT INTO `instructor` (`id`, `id_number`, `first_name`, `last_name`, `note`) VALUES
(1, 2017001, 'Study', 'Break', 'BRK Study Break'),
(2, 2017002, 'Abdulaziz', 'Abid Galm Al Hinai', 'ELC - Instructor'),
(3, 2017003, 'Abdulaziz', 'Jumah Al Shamaki', 'RAC - Instructor'),
(4, 2017004, 'Abdullah', 'Maher.Abdullah', 'ELC - Instructor'),
(5, 2017005, 'Abdurahiman', 'Puthan', 'ENG - Instructor'),
(6, 2017006, 'Ahmed', 'Mahsob', 'BUS - Instructor'),
(7, 2017007, 'Ahmed', 'AL-Maqbali', 'ENG - Instructor'),
(8, 2017008, 'Ali', 'Mohammed Ali Salih', 'ENG - Instructor'),
(9, 2017009, 'Ammar', 'Bin Mosbah', 'MECH - Instructor'),
(10, 2017010, 'antonio', 'Buca', 'PHY - Instructor'),
(11, 2017011, 'Aref', 'Al ajmi', 'ENG - Instructor'),
(12, 2017012, 'Asma', 'AL-', 'ENG - Instructor'),
(13, 2017013, 'Asma', 'Al Farsi', 'PHY - Instructor'),
(14, 2017014, 'Ayeesha', 'Yasmin', 'PHY - Instructor'),
(15, 2017015, 'Ayoub', 'Al Oufi', 'MATH - Instructor'),
(16, 2017016, 'Bilal', 'Al Arqenah', 'PHY - Instructor'),
(17, 2017017, 'Carlo', 'Romion', 'PE - Instructor'),
(18, 2017018, 'Enrique Jojo', 'Enrique', 'ELX - Instructor'),
(19, 2017019, 'Ericson', 'Billedo', 'IT - Instructor'),
(20, 2017020, 'Euclid', 'Santiago', 'ELC - Instructor'),
(21, 2017021, 'Eulogio Odie', 'Oderon', 'ELX - Instructor'),
(22, 2017022, 'Fatma', 'AL-Blushi', 'ENG - Instructor'),
(23, 2017023, 'Fatma', 'Al Balushi', 'IT - Instructor'),
(24, 2017024, 'Ghalib', 'Al Amri', 'MECH - Instructor'),
(25, 2017025, 'Hermogenes Henry', 'Baculo', 'ELC - Instructor'),
(26, 2017026, 'Ibrahim', 'Saif Said Al Mawaali', 'ELC - Instructor'),
(27, 2017027, 'Ignatius', 'Rodrigues', 'ELC - Instructor'),
(28, 2017028, 'Jaffar', 'Al. Bahrani', 'MATH - Instructor'),
(29, 2017029, 'Jenier', 'Galarpe', 'WEL - Instructor'),
(30, 2017030, 'Julie', 'Mathew Senil', 'ENG - Instructor'),
(31, 2017031, 'Juluis', 'Dabon', 'RAC - Instructor'),
(32, 2017032, 'Kannan', 'subash chandra bose', 'DRW - Instructor'),
(33, 2017033, 'Karunadas', 'Parakunnath', 'ELC - Instructor'),
(34, 2017034, 'Macario', 'Barredo', 'MECH - Instructor'),
(35, 2017035, 'Mansoor', 'Al Balushi', 'ENG - Instructor'),
(36, 2017036, 'Marwan', 'ahmed. Almamari', 'ENG - Instructor'),
(37, 2017037, 'Maryam', 'AL-Mamary', 'ENG - Instructor'),
(38, 2017038, 'Mohammed', 'Mahmoud Saliem', 'BUS - Instructor'),
(39, 2017039, 'Mohammed', 'Nasser Abdullah Al Balushi', 'BUS - Instructor'),
(40, 2017040, 'Mohammed', 'Al-BAlushi', 'ENG - Instructor'),
(41, 2017041, 'Mohammed', 'Nabbhan Al Nabbhani', 'ENG - Instructor'),
(42, 2017042, 'Mohammed', 'ALNabhani', 'ENG - Instructor'),
(43, 2017043, 'Mohammed', 'Vaziruddin', 'MATH - Instructor'),
(44, 2017044, 'mohammed', 'al-basyuni al-said al qal youbi', 'RAC - Instructor'),
(45, 2017045, 'Mohammed', 'Ramdan Salim', 'WEL - Instructor'),
(46, 2017046, 'Mustafa', 'Metwally', 'DRW - Instructor'),
(47, 2017047, 'NAGAPAVAN', '.N', 'MATH - Instructor'),
(48, 2017048, 'Nasir', 'Al Hinai', 'MECH - Instructor'),
(49, 2017049, 'Norman', 'De Ocampo', 'RAC - Instructor'),
(50, 2017050, 'Osamah', 'Mohammad Ahmmad Al-Shobaki', 'RAC - Instructor'),
(51, 2017051, 'Dayanithi', 'Dayanithi', 'BUS - Instructor'),
(52, 2017052, 'Regina', 'Formaran', 'PE - Instructor'),
(53, 2017053, 'Rojesb', 'Chaladatb', 'DRW - Instructor'),
(54, 2017054, 'Rommel', 'A. Rosales', 'WEL - Instructor'),
(55, 2017055, 'Sajith', 'Bandara', 'IT - Instructor'),
(56, 2017056, 'Sheikha', 'Ali Said Al-Badi', 'IT - Instructor'),
(57, 2017057, 'Silpa', 'Sarah Abraham', 'ENG - Instructor'),
(58, 2017058, 'Taoufik', 'Ouelhazi', 'WEL - Instructor'),
(59, 2017059, 'Vara', 'Prasad Reddy Subbi Reddy', 'IT - Instructor'),
(60, 2017060, 'Vijaya', 'kumar', 'IT - Instructor'),
(61, 2017061, 'vinay', 'kumar', 'ENG - Instructor'),
(62, 2017062, 'William', 'Caniedo', 'ELX - Instructor'),
(63, 2017063, 'Fatma Mosa', 'Al-', 'BUS - Instructor'),
(64, 2017064, 'Sheik', 'S', 'CHE - Instructor');

-- --------------------------------------------------------

--
-- Table structure for table `meeting`
--

CREATE TABLE `meeting` (
  `id` int(4) NOT NULL,
  `timetable_id` int(4) NOT NULL,
  `subject_class_id` int(4) NOT NULL,
  `trainee_group_id` int(4) NOT NULL,
  `subject_id` int(4) NOT NULL,
  `instructor_id` int(4) NOT NULL,
  `time_slot` int(4) DEFAULT NULL,
  `room_id` int(4) NOT NULL,
  `timestamp` timestamp NOT NULL DEFAULT CURRENT_TIMESTAMP
) ENGINE=InnoDB DEFAULT CHARSET=utf8 ROW_FORMAT=COMPACT;

--
-- Dumping data for table `meeting`
--

INSERT INTO `meeting` (`id`, `timetable_id`, `subject_class_id`, `trainee_group_id`, `subject_id`, `instructor_id`, `time_slot`, `room_id`, `timestamp`) VALUES
(1, 1, 1, 4, 3, 39, 21, 3, '2017-04-26 12:43:44'),
(2, 1, 1, 4, 3, 39, 22, 3, '2017-04-26 12:43:44'),
(3, 1, 1, 4, 3, 39, 3, 5, '2017-04-26 12:43:44'),
(4, 1, 1, 4, 3, 39, 4, 5, '2017-04-26 12:43:44'),
(5, 1, 1, 4, 3, 39, 8, 1, '2017-04-26 12:43:44'),
(6, 1, 1, 4, 3, 39, 9, 1, '2017-04-26 12:43:44'),
(7, 1, 2, 4, 5, 39, 19, 5, '2017-04-26 12:43:44'),
(8, 1, 2, 4, 5, 39, 20, 5, '2017-04-26 12:43:44'),
(9, 1, 2, 4, 5, 39, 24, 5, '2017-04-26 12:43:44'),
(10, 1, 2, 4, 5, 39, 25, 5, '2017-04-26 12:43:45'),
(11, 1, 2, 4, 5, 39, 0, 5, '2017-04-26 12:43:45'),
(12, 1, 2, 4, 5, 39, 1, 5, '2017-04-26 12:43:45'),
(13, 1, 3, 4, 46, 47, 16, 3, '2017-04-26 12:43:45'),
(14, 1, 3, 4, 46, 47, 17, 3, '2017-04-26 12:43:45'),
(15, 1, 3, 4, 46, 47, 12, 2, '2017-04-26 12:43:45'),
(16, 1, 3, 4, 46, 47, 13, 2, '2017-04-26 12:43:45'),
(17, 1, 4, 4, 53, 5, 29, 22, '2017-04-26 12:43:45'),
(18, 1, 4, 4, 53, 5, 5, 22, '2017-04-26 12:43:45'),
(19, 1, 4, 4, 53, 5, 6, 22, '2017-04-26 12:43:45'),
(20, 1, 5, 4, 42, 39, 14, 1, '2017-04-26 12:43:45'),
(21, 1, 5, 4, 42, 39, 33, 2, '2017-04-26 12:43:45'),
(22, 1, 5, 4, 42, 39, 34, 2, '2017-04-26 12:43:45'),
(23, 1, 6, 4, 1, 1, 35, 26, '2017-04-26 12:43:45'),
(24, 1, 6, 4, 1, 1, 18, 26, '2017-04-26 12:43:45'),
(25, 1, 6, 4, 1, 1, 27, 26, '2017-04-26 12:43:45'),
(26, 1, 6, 4, 1, 1, 2, 26, '2017-04-26 12:43:45'),
(27, 1, 6, 4, 1, 1, 10, 26, '2017-04-26 12:43:45'),
(28, 2, 11, 4, 3, 39, 24, 2, '2017-04-26 13:28:43'),
(29, 2, 11, 4, 3, 39, 25, 2, '2017-04-26 13:28:43'),
(30, 2, 11, 4, 3, 39, 0, 5, '2017-04-26 13:28:43'),
(31, 2, 11, 4, 3, 39, 1, 5, '2017-04-26 13:28:43'),
(32, 2, 11, 4, 3, 39, 19, 3, '2017-04-26 13:28:43'),
(33, 2, 11, 4, 3, 39, 20, 3, '2017-04-26 13:28:43'),
(34, 2, 12, 4, 5, 39, 16, 3, '2017-04-26 13:28:43'),
(35, 2, 12, 4, 5, 39, 17, 3, '2017-04-26 13:28:43'),
(36, 2, 12, 4, 5, 39, 9, 2, '2017-04-26 13:28:43'),
(37, 2, 12, 4, 5, 39, 10, 2, '2017-04-26 13:28:43'),
(38, 2, 12, 4, 5, 39, 35, 2, '2017-04-26 13:28:43'),
(39, 2, 12, 4, 5, 39, 36, 2, '2017-04-26 13:28:43'),
(40, 2, 13, 4, 46, 47, 12, 5, '2017-04-26 13:28:43'),
(41, 2, 13, 4, 46, 47, 13, 5, '2017-04-26 13:28:43'),
(42, 2, 13, 4, 46, 47, 32, 1, '2017-04-26 13:28:44'),
(43, 2, 13, 4, 46, 47, 33, 1, '2017-04-26 13:28:44'),
(44, 2, 14, 4, 53, 5, 28, 22, '2017-04-26 13:28:44'),
(45, 2, 14, 4, 53, 5, 3, 22, '2017-04-26 13:28:44'),
(46, 2, 14, 4, 53, 5, 4, 22, '2017-04-26 13:28:44'),
(47, 2, 15, 4, 42, 39, 8, 2, '2017-04-26 13:28:44'),
(48, 2, 15, 4, 42, 39, 5, 2, '2017-04-26 13:28:44'),
(49, 2, 15, 4, 42, 39, 26, 2, '2017-04-26 13:28:44'),
(50, 2, 16, 4, 1, 1, 27, 26, '2017-04-26 13:28:44'),
(51, 2, 16, 4, 1, 1, 2, 26, '2017-04-26 13:28:44'),
(52, 2, 16, 4, 1, 1, 34, 26, '2017-04-26 13:28:44'),
(53, 2, 16, 4, 1, 1, 11, 26, '2017-04-26 13:28:44'),
(54, 2, 16, 4, 1, 1, 18, 26, '2017-04-26 13:28:44'),
(55, 2, 17, 7, 6, 51, 0, 2, '2017-04-26 13:28:44'),
(56, 2, 17, 7, 6, 51, 1, 2, '2017-04-26 13:28:44'),
(57, 2, 17, 7, 6, 51, 11, 1, '2017-04-26 13:28:44'),
(58, 2, 17, 7, 6, 51, 12, 1, '2017-04-26 13:28:44'),
(59, 2, 17, 7, 6, 51, 16, 5, '2017-04-26 13:28:44'),
(60, 2, 17, 7, 6, 51, 17, 5, '2017-04-26 13:28:44'),
(61, 2, 18, 7, 7, 51, 13, 2, '2017-04-26 13:28:44'),
(62, 2, 18, 7, 7, 51, 2, 2, '2017-04-26 13:28:44'),
(63, 2, 18, 7, 7, 51, 27, 3, '2017-04-26 13:28:44'),
(64, 2, 18, 7, 7, 51, 28, 3, '2017-04-26 13:28:45'),
(65, 2, 18, 7, 7, 51, 8, 3, '2017-04-26 13:28:45'),
(66, 2, 18, 7, 7, 51, 9, 3, '2017-04-26 13:28:45'),
(67, 2, 19, 7, 8, 51, 19, 2, '2017-04-26 13:28:45'),
(68, 2, 19, 7, 8, 51, 20, 2, '2017-04-26 13:28:45'),
(69, 2, 19, 7, 8, 51, 32, 3, '2017-04-26 13:28:45'),
(70, 2, 19, 7, 8, 51, 33, 3, '2017-04-26 13:28:45'),
(71, 2, 19, 7, 8, 51, 24, 3, '2017-04-26 13:28:45'),
(72, 2, 19, 7, 8, 51, 25, 3, '2017-04-26 13:28:45'),
(73, 2, 20, 7, 1, 1, 10, 26, '2017-04-26 13:28:45'),
(74, 2, 20, 7, 1, 1, 26, 26, '2017-04-26 13:28:45'),
(75, 2, 20, 7, 1, 1, 34, 26, '2017-04-26 13:28:45'),
(76, 2, 20, 7, 1, 1, 3, 26, '2017-04-26 13:28:45'),
(77, 2, 20, 7, 1, 1, 18, 26, '2017-04-26 13:28:45'),
(78, 3, 26, 4, 3, 39, 0, 1, '2017-04-26 14:21:58'),
(79, 3, 26, 4, 3, 39, 1, 1, '2017-04-26 14:21:59'),
(80, 3, 26, 4, 3, 39, 32, 5, '2017-04-26 14:21:59'),
(81, 3, 26, 4, 3, 39, 33, 5, '2017-04-26 14:21:59'),
(82, 3, 26, 4, 3, 39, 25, 3, '2017-04-26 14:21:59'),
(83, 3, 26, 4, 3, 39, 26, 3, '2017-04-26 14:21:59'),
(84, 3, 27, 4, 5, 39, 19, 3, '2017-04-26 14:21:59'),
(85, 3, 27, 4, 5, 39, 20, 3, '2017-04-26 14:21:59'),
(86, 3, 27, 4, 5, 39, 37, 1, '2017-04-26 14:21:59'),
(87, 3, 27, 4, 5, 39, 38, 1, '2017-04-26 14:21:59'),
(88, 3, 27, 4, 5, 39, 13, 5, '2017-04-26 14:21:59'),
(89, 3, 27, 4, 5, 39, 14, 5, '2017-04-26 14:21:59'),
(90, 3, 28, 4, 46, 47, 5, 5, '2017-04-26 14:21:59'),
(91, 3, 28, 4, 46, 47, 6, 5, '2017-04-26 14:21:59'),
(92, 3, 28, 4, 46, 47, 16, 5, '2017-04-26 14:21:59'),
(93, 3, 28, 4, 46, 47, 17, 5, '2017-04-26 14:21:59'),
(94, 3, 29, 4, 53, 5, 29, 22, '2017-04-26 14:21:59'),
(95, 3, 29, 4, 53, 5, 30, 22, '2017-04-26 14:22:00'),
(96, 3, 29, 4, 53, 5, 11, 22, '2017-04-26 14:22:00'),
(97, 3, 30, 4, 42, 39, 8, 1, '2017-04-26 14:22:00'),
(98, 3, 30, 4, 42, 39, 9, 1, '2017-04-26 14:22:00'),
(99, 3, 30, 4, 42, 39, 2, 1, '2017-04-26 14:22:00'),
(100, 3, 31, 4, 1, 1, 18, 26, '2017-04-26 14:22:00'),
(101, 3, 31, 4, 1, 1, 10, 26, '2017-04-26 14:22:00'),
(102, 3, 31, 4, 1, 1, 3, 26, '2017-04-26 14:22:00'),
(103, 3, 31, 4, 1, 1, 34, 26, '2017-04-26 14:22:00'),
(104, 3, 31, 4, 1, 1, 27, 26, '2017-04-26 14:22:00'),
(105, 3, 32, 7, 6, 51, 4, 1, '2017-04-26 14:22:00'),
(106, 3, 32, 7, 6, 51, 5, 1, '2017-04-26 14:22:00'),
(107, 3, 32, 7, 6, 51, 35, 5, '2017-04-26 14:22:00'),
(108, 3, 32, 7, 6, 51, 36, 5, '2017-04-26 14:22:00'),
(109, 3, 32, 7, 6, 51, 21, 5, '2017-04-26 14:22:00'),
(110, 3, 32, 7, 6, 51, 22, 5, '2017-04-26 14:22:00'),
(111, 3, 33, 7, 7, 51, 16, 3, '2017-04-26 14:22:00'),
(112, 3, 33, 7, 7, 51, 17, 3, '2017-04-26 14:22:00'),
(113, 3, 33, 7, 7, 51, 37, 2, '2017-04-26 14:22:00'),
(114, 3, 33, 7, 7, 51, 38, 2, '2017-04-26 14:22:00'),
(115, 3, 33, 7, 7, 51, 29, 5, '2017-04-26 14:22:00'),
(116, 3, 33, 7, 7, 51, 30, 5, '2017-04-26 14:22:00'),
(117, 3, 34, 7, 8, 51, 13, 2, '2017-04-26 14:22:01'),
(118, 3, 34, 7, 8, 51, 14, 2, '2017-04-26 14:22:01'),
(119, 3, 34, 7, 8, 51, 19, 2, '2017-04-26 14:22:01'),
(120, 3, 34, 7, 8, 51, 20, 2, '2017-04-26 14:22:01'),
(121, 3, 34, 7, 8, 51, 32, 3, '2017-04-26 14:22:01'),
(122, 3, 34, 7, 8, 51, 33, 3, '2017-04-26 14:22:01'),
(123, 3, 35, 7, 1, 1, 18, 26, '2017-04-26 14:22:01'),
(124, 3, 35, 7, 1, 1, 3, 26, '2017-04-26 14:22:01'),
(125, 3, 35, 7, 1, 1, 34, 26, '2017-04-26 14:22:01'),
(126, 3, 35, 7, 1, 1, 11, 26, '2017-04-26 14:22:01'),
(127, 3, 35, 7, 1, 1, 27, 26, '2017-04-26 14:22:01'),
(128, 3, 36, 55, 19, 21, 11, 9, '2017-04-26 14:22:01'),
(129, 3, 36, 55, 19, 21, 12, 9, '2017-04-26 14:22:01'),
(130, 3, 36, 55, 19, 21, 2, 9, '2017-04-26 14:22:01'),
(131, 3, 36, 55, 19, 21, 3, 9, '2017-04-26 14:22:01'),
(132, 3, 36, 55, 19, 21, 16, 8, '2017-04-26 14:22:01'),
(133, 3, 36, 55, 19, 21, 17, 8, '2017-04-26 14:22:01'),
(134, 3, 36, 55, 19, 21, 18, 8, '2017-04-26 14:22:01'),
(135, 3, 37, 55, 20, 62, 33, 9, '2017-04-26 14:22:01'),
(136, 3, 37, 55, 20, 62, 34, 9, '2017-04-26 14:22:01'),
(137, 3, 37, 55, 20, 62, 35, 9, '2017-04-26 14:22:01'),
(138, 3, 37, 55, 20, 62, 0, 9, '2017-04-26 14:22:01'),
(139, 3, 37, 55, 20, 62, 1, 9, '2017-04-26 14:22:01'),
(140, 3, 37, 55, 20, 62, 26, 9, '2017-04-26 14:22:02'),
(141, 3, 37, 55, 20, 62, 27, 9, '2017-04-26 14:22:02'),
(142, 3, 38, 55, 47, 28, 32, 2, '2017-04-26 14:22:02'),
(143, 3, 38, 55, 47, 28, 21, 1, '2017-04-26 14:22:02'),
(144, 3, 38, 55, 47, 28, 22, 1, '2017-04-26 14:22:02'),
(145, 3, 38, 55, 47, 28, 24, 5, '2017-04-26 14:22:02'),
(146, 3, 39, 55, 54, 37, 37, 22, '2017-04-26 14:22:02'),
(147, 3, 39, 55, 54, 37, 38, 22, '2017-04-26 14:22:02'),
(148, 3, 39, 55, 54, 37, 10, 22, '2017-04-26 14:22:02'),
(149, 3, 40, 55, 45, 19, 13, 23, '2017-04-26 14:22:02'),
(150, 3, 40, 55, 45, 19, 14, 23, '2017-04-26 14:22:02'),
(151, 3, 40, 55, 45, 19, 28, 23, '2017-04-26 14:22:02'),
(152, 3, 40, 55, 45, 19, 29, 23, '2017-04-26 14:22:02'),
(153, 4, 42, 4, 3, 39, 29, 3, '2017-04-26 14:34:51'),
(154, 4, 42, 4, 3, 39, 30, 3, '2017-04-26 14:34:51'),
(155, 4, 42, 4, 3, 39, 35, 2, '2017-04-26 14:34:51'),
(156, 4, 42, 4, 3, 39, 36, 2, '2017-04-26 14:34:51'),
(157, 4, 42, 4, 3, 39, 0, 1, '2017-04-26 14:34:51'),
(158, 4, 42, 4, 3, 39, 1, 1, '2017-04-26 14:34:51'),
(159, 4, 43, 4, 5, 39, 12, 3, '2017-04-26 14:34:51'),
(160, 4, 43, 4, 5, 39, 13, 3, '2017-04-26 14:34:52'),
(161, 4, 43, 4, 5, 39, 16, 3, '2017-04-26 14:34:52'),
(162, 4, 43, 4, 5, 39, 17, 3, '2017-04-26 14:34:52'),
(163, 4, 43, 4, 5, 39, 5, 3, '2017-04-26 14:34:52'),
(164, 4, 43, 4, 5, 39, 6, 3, '2017-04-26 14:34:52'),
(165, 4, 44, 4, 46, 47, 8, 3, '2017-04-26 14:34:52'),
(166, 4, 44, 4, 46, 47, 9, 3, '2017-04-26 14:34:52'),
(167, 4, 44, 4, 46, 47, 3, 3, '2017-04-26 14:34:52'),
(168, 4, 44, 4, 46, 47, 4, 3, '2017-04-26 14:34:52'),
(169, 4, 45, 4, 53, 5, 26, 22, '2017-04-26 14:34:52'),
(170, 4, 45, 4, 53, 5, 32, 22, '2017-04-26 14:34:52'),
(171, 4, 45, 4, 53, 5, 33, 22, '2017-04-26 14:34:52'),
(172, 4, 46, 4, 42, 39, 24, 1, '2017-04-26 14:34:52'),
(173, 4, 46, 4, 42, 39, 25, 1, '2017-04-26 14:34:52'),
(174, 4, 46, 4, 42, 39, 21, 5, '2017-04-26 14:34:52'),
(175, 4, 47, 4, 1, 1, 34, 26, '2017-04-26 14:34:52'),
(176, 4, 47, 4, 1, 1, 11, 26, '2017-04-26 14:34:52'),
(177, 4, 47, 4, 1, 1, 2, 26, '2017-04-26 14:34:52'),
(178, 4, 47, 4, 1, 1, 18, 26, '2017-04-26 14:34:52'),
(179, 4, 47, 4, 1, 1, 27, 26, '2017-04-26 14:34:52'),
(180, 4, 48, 7, 6, 51, 19, 2, '2017-04-26 14:34:53'),
(181, 4, 48, 7, 6, 51, 20, 2, '2017-04-26 14:34:53'),
(182, 4, 48, 7, 6, 51, 5, 1, '2017-04-26 14:34:53'),
(183, 4, 48, 7, 6, 51, 6, 1, '2017-04-26 14:34:53'),
(184, 4, 48, 7, 6, 51, 8, 5, '2017-04-26 14:34:53'),
(185, 4, 48, 7, 6, 51, 9, 5, '2017-04-26 14:34:53'),
(186, 4, 49, 7, 7, 51, 37, 2, '2017-04-26 14:34:53'),
(187, 4, 49, 7, 7, 51, 38, 2, '2017-04-26 14:34:53'),
(188, 4, 49, 7, 7, 51, 27, 2, '2017-04-26 14:34:53'),
(189, 4, 49, 7, 7, 51, 28, 2, '2017-04-26 14:34:53'),
(190, 4, 49, 7, 7, 51, 16, 5, '2017-04-26 14:34:53'),
(191, 4, 49, 7, 7, 51, 17, 5, '2017-04-26 14:34:53'),
(192, 4, 50, 7, 8, 51, 12, 5, '2017-04-26 14:34:53'),
(193, 4, 50, 7, 8, 51, 13, 5, '2017-04-26 14:34:53'),
(194, 4, 50, 7, 8, 51, 24, 3, '2017-04-26 14:34:53'),
(195, 4, 50, 7, 8, 51, 25, 3, '2017-04-26 14:34:53'),
(196, 4, 50, 7, 8, 51, 3, 2, '2017-04-26 14:34:53'),
(197, 4, 50, 7, 8, 51, 4, 2, '2017-04-26 14:34:53'),
(198, 4, 51, 7, 1, 1, 11, 26, '2017-04-26 14:34:53'),
(199, 4, 51, 7, 1, 1, 26, 26, '2017-04-26 14:34:53'),
(200, 4, 51, 7, 1, 1, 18, 26, '2017-04-26 14:34:53'),
(201, 4, 51, 7, 1, 1, 34, 26, '2017-04-26 14:34:54'),
(202, 4, 51, 7, 1, 1, 2, 26, '2017-04-26 14:34:54'),
(203, 4, 52, 55, 19, 21, 0, 9, '2017-04-26 14:34:54'),
(204, 4, 52, 55, 19, 21, 1, 9, '2017-04-26 14:34:54'),
(205, 4, 52, 55, 19, 21, 2, 9, '2017-04-26 14:34:54'),
(206, 4, 52, 55, 19, 21, 24, 8, '2017-04-26 14:34:54'),
(207, 4, 52, 55, 19, 21, 25, 8, '2017-04-26 14:34:54'),
(208, 4, 52, 55, 19, 21, 11, 9, '2017-04-26 14:34:54'),
(209, 4, 52, 55, 19, 21, 12, 9, '2017-04-26 14:34:54'),
(210, 4, 53, 55, 20, 62, 3, 9, '2017-04-26 14:34:54'),
(211, 4, 53, 55, 20, 62, 4, 9, '2017-04-26 14:34:54'),
(212, 4, 53, 55, 20, 62, 16, 8, '2017-04-26 14:34:54'),
(213, 4, 53, 55, 20, 62, 17, 8, '2017-04-26 14:34:54'),
(214, 4, 53, 55, 20, 62, 32, 9, '2017-04-26 14:34:54'),
(215, 4, 53, 55, 20, 62, 33, 9, '2017-04-26 14:34:54'),
(216, 4, 53, 55, 20, 62, 34, 9, '2017-04-26 14:34:54'),
(217, 4, 54, 55, 47, 28, 22, 3, '2017-04-26 14:34:54'),
(218, 4, 54, 55, 47, 28, 6, 5, '2017-04-26 14:34:54'),
(219, 4, 54, 55, 47, 28, 27, 1, '2017-04-26 14:34:54'),
(220, 4, 54, 55, 47, 28, 28, 1, '2017-04-26 14:34:54'),
(221, 4, 55, 55, 54, 37, 29, 22, '2017-04-26 14:34:54'),
(222, 4, 55, 55, 54, 37, 30, 22, '2017-04-26 14:34:54'),
(223, 4, 55, 55, 54, 37, 8, 22, '2017-04-26 14:34:55'),
(224, 4, 56, 55, 45, 19, 20, 23, '2017-04-26 14:34:55'),
(225, 4, 56, 55, 45, 19, 21, 23, '2017-04-26 14:34:55'),
(226, 4, 56, 55, 45, 19, 37, 23, '2017-04-26 14:34:55'),
(227, 4, 56, 55, 45, 19, 38, 23, '2017-04-26 14:34:55'),
(228, 4, 57, 55, 1, 1, 10, 26, '2017-04-26 14:34:55'),
(229, 4, 57, 55, 1, 1, 35, 26, '2017-04-26 14:34:55'),
(230, 4, 57, 55, 1, 1, 26, 26, '2017-04-26 14:34:55'),
(231, 4, 57, 55, 1, 1, 19, 26, '2017-04-26 14:34:55'),
(232, 4, 57, 55, 1, 1, 2, 26, '2017-04-26 14:34:55'),
(233, 5, 58, 4, 3, 39, 0, 3, '2017-04-26 14:37:49'),
(234, 5, 58, 4, 3, 39, 1, 3, '2017-04-26 14:37:49'),
(235, 5, 58, 4, 3, 39, 24, 3, '2017-04-26 14:37:49'),
(236, 5, 58, 4, 3, 39, 25, 3, '2017-04-26 14:37:49'),
(237, 5, 58, 4, 3, 39, 11, 2, '2017-04-26 14:37:49'),
(238, 5, 58, 4, 3, 39, 12, 2, '2017-04-26 14:37:49'),
(239, 5, 59, 4, 5, 39, 13, 2, '2017-04-26 14:37:49'),
(240, 5, 59, 4, 5, 39, 27, 2, '2017-04-26 14:37:49'),
(241, 5, 59, 4, 5, 39, 3, 5, '2017-04-26 14:37:49'),
(242, 5, 59, 4, 5, 39, 4, 5, '2017-04-26 14:37:49'),
(243, 5, 59, 4, 5, 39, 19, 1, '2017-04-26 14:37:49'),
(244, 5, 59, 4, 5, 39, 20, 1, '2017-04-26 14:37:49'),
(245, 5, 60, 4, 46, 47, 16, 3, '2017-04-26 14:37:49'),
(246, 5, 60, 4, 46, 47, 17, 3, '2017-04-26 14:37:50'),
(247, 5, 60, 4, 46, 47, 35, 1, '2017-04-26 14:37:50'),
(248, 5, 60, 4, 46, 47, 36, 1, '2017-04-26 14:37:50'),
(249, 5, 61, 4, 53, 5, 33, 22, '2017-04-26 14:37:50'),
(250, 5, 61, 4, 53, 5, 8, 22, '2017-04-26 14:37:50'),
(251, 5, 61, 4, 53, 5, 9, 22, '2017-04-26 14:37:50'),
(252, 5, 62, 4, 42, 39, 32, 5, '2017-04-26 14:37:50'),
(253, 5, 62, 4, 42, 39, 28, 5, '2017-04-26 14:37:50'),
(254, 5, 62, 4, 42, 39, 29, 5, '2017-04-26 14:37:50'),
(255, 5, 63, 4, 1, 1, 26, 26, '2017-04-26 14:37:50'),
(256, 5, 63, 4, 1, 1, 2, 26, '2017-04-26 14:37:50'),
(257, 5, 63, 4, 1, 1, 18, 26, '2017-04-26 14:37:50'),
(258, 5, 63, 4, 1, 1, 10, 26, '2017-04-26 14:37:50'),
(259, 5, 63, 4, 1, 1, 34, 26, '2017-04-26 14:37:50'),
(260, 5, 64, 7, 6, 51, 9, 5, '2017-04-26 14:37:50'),
(261, 5, 64, 7, 6, 51, 10, 5, '2017-04-26 14:37:50'),
(262, 5, 64, 7, 6, 51, 21, 2, '2017-04-26 14:37:50'),
(263, 5, 64, 7, 6, 51, 22, 2, '2017-04-26 14:37:50'),
(264, 5, 64, 7, 6, 51, 35, 3, '2017-04-26 14:37:50'),
(265, 5, 64, 7, 6, 51, 36, 3, '2017-04-26 14:37:51'),
(266, 5, 65, 7, 7, 51, 17, 1, '2017-04-26 14:37:51'),
(267, 5, 65, 7, 7, 51, 18, 1, '2017-04-26 14:37:51'),
(268, 5, 65, 7, 7, 51, 0, 2, '2017-04-26 14:37:51'),
(269, 5, 65, 7, 7, 51, 1, 2, '2017-04-26 14:37:51'),
(270, 5, 65, 7, 7, 51, 24, 2, '2017-04-26 14:37:51'),
(271, 5, 65, 7, 7, 51, 25, 2, '2017-04-26 14:37:51'),
(272, 5, 66, 7, 8, 51, 3, 1, '2017-04-26 14:37:51'),
(273, 5, 66, 7, 8, 51, 4, 1, '2017-04-26 14:37:51'),
(274, 5, 66, 7, 8, 51, 12, 1, '2017-04-26 14:37:51'),
(275, 5, 66, 7, 8, 51, 13, 1, '2017-04-26 14:37:51'),
(276, 5, 66, 7, 8, 51, 27, 1, '2017-04-26 14:37:51'),
(277, 5, 66, 7, 8, 51, 28, 1, '2017-04-26 14:37:51'),
(278, 5, 67, 7, 1, 1, 2, 26, '2017-04-26 14:37:51'),
(279, 5, 67, 7, 1, 1, 11, 26, '2017-04-26 14:37:51'),
(280, 5, 67, 7, 1, 1, 34, 26, '2017-04-26 14:37:51'),
(281, 5, 67, 7, 1, 1, 19, 26, '2017-04-26 14:37:51'),
(282, 5, 67, 7, 1, 1, 26, 26, '2017-04-26 14:37:51'),
(283, 5, 68, 55, 19, 21, 36, 8, '2017-04-26 14:37:51'),
(284, 5, 68, 55, 19, 21, 35, 8, '2017-04-26 14:37:51'),
(285, 5, 68, 55, 19, 21, 8, 9, '2017-04-26 14:37:51'),
(286, 5, 68, 55, 19, 21, 9, 9, '2017-04-26 14:37:51'),
(287, 5, 68, 55, 19, 21, 10, 9, '2017-04-26 14:37:51'),
(288, 5, 68, 55, 19, 21, 24, 9, '2017-04-26 14:37:52'),
(289, 5, 68, 55, 19, 21, 25, 9, '2017-04-26 14:37:52'),
(290, 5, 69, 55, 20, 62, 0, 8, '2017-04-26 14:37:52'),
(291, 5, 69, 55, 20, 62, 1, 8, '2017-04-26 14:37:52'),
(292, 5, 69, 55, 20, 62, 17, 8, '2017-04-26 14:37:52'),
(293, 5, 69, 55, 20, 62, 16, 8, '2017-04-26 14:37:52'),
(294, 5, 69, 55, 20, 62, 19, 8, '2017-04-26 14:37:52'),
(295, 5, 69, 55, 20, 62, 26, 9, '2017-04-26 14:37:52'),
(296, 5, 69, 55, 20, 62, 13, 9, '2017-04-26 14:37:52'),
(297, 5, 70, 55, 47, 28, 4, 3, '2017-04-26 14:37:52'),
(298, 5, 70, 55, 47, 28, 2, 5, '2017-04-26 14:37:52'),
(299, 5, 70, 55, 47, 28, 20, 5, '2017-04-26 14:37:52'),
(300, 5, 70, 55, 47, 28, 21, 5, '2017-04-26 14:37:52'),
(301, 5, 71, 55, 54, 37, 12, 22, '2017-04-26 14:37:52'),
(302, 5, 71, 55, 54, 37, 5, 22, '2017-04-26 14:37:52'),
(303, 5, 71, 55, 54, 37, 6, 22, '2017-04-26 14:37:52'),
(304, 5, 72, 55, 45, 19, 32, 23, '2017-04-26 14:37:52'),
(305, 5, 72, 55, 45, 19, 33, 23, '2017-04-26 14:37:52'),
(306, 5, 72, 55, 45, 19, 28, 23, '2017-04-26 14:37:52'),
(307, 5, 72, 55, 45, 19, 29, 23, '2017-04-26 14:37:52'),
(308, 5, 73, 55, 1, 1, 27, 26, '2017-04-26 14:37:52'),
(309, 5, 73, 55, 1, 1, 3, 26, '2017-04-26 14:37:53'),
(310, 5, 73, 55, 1, 1, 18, 26, '2017-04-26 14:37:53'),
(311, 5, 73, 55, 1, 1, 11, 26, '2017-04-26 14:37:53'),
(312, 5, 73, 55, 1, 1, 34, 26, '2017-04-26 14:37:53'),
(313, 6, 74, 4, 3, 39, 19, 1, '2017-04-27 01:21:46'),
(314, 6, 74, 4, 3, 39, 20, 1, '2017-04-27 01:21:47'),
(315, 6, 74, 4, 3, 39, 29, 2, '2017-04-27 01:21:47'),
(316, 6, 74, 4, 3, 39, 21, 2, '2017-04-27 01:21:47'),
(317, 6, 74, 4, 3, 39, 12, 3, '2017-04-27 01:21:47'),
(318, 6, 74, 4, 3, 39, 13, 3, '2017-04-27 01:21:47'),
(319, 6, 75, 4, 5, 39, 8, 5, '2017-04-27 01:21:47'),
(320, 6, 75, 4, 5, 39, 9, 5, '2017-04-27 01:21:47'),
(321, 6, 75, 4, 5, 39, 16, 3, '2017-04-27 01:21:47'),
(322, 6, 75, 4, 5, 39, 17, 3, '2017-04-27 01:21:48'),
(323, 6, 75, 4, 5, 39, 37, 2, '2017-04-27 01:21:48'),
(324, 6, 75, 4, 5, 39, 36, 2, '2017-04-27 01:21:48'),
(325, 6, 76, 4, 46, 47, 27, 1, '2017-04-27 01:21:48'),
(326, 6, 76, 4, 46, 47, 28, 1, '2017-04-27 01:21:48'),
(327, 6, 76, 4, 46, 47, 3, 2, '2017-04-27 01:21:48'),
(328, 6, 76, 4, 46, 47, 4, 2, '2017-04-27 01:21:48'),
(329, 6, 77, 4, 53, 5, 24, 22, '2017-04-27 01:21:48'),
(330, 6, 77, 4, 53, 5, 25, 22, '2017-04-27 01:21:48'),
(331, 6, 77, 4, 53, 5, 32, 22, '2017-04-27 01:21:48'),
(332, 6, 78, 4, 42, 39, 33, 5, '2017-04-27 01:21:49'),
(333, 6, 78, 4, 42, 39, 0, 5, '2017-04-27 01:21:49'),
(334, 6, 78, 4, 42, 39, 1, 5, '2017-04-27 01:21:49'),
(335, 6, 79, 4, 1, 1, 2, 26, '2017-04-27 01:21:49'),
(336, 6, 79, 4, 1, 1, 35, 26, '2017-04-27 01:21:49'),
(337, 6, 79, 4, 1, 1, 11, 26, '2017-04-27 01:21:49'),
(338, 6, 79, 4, 1, 1, 26, 26, '2017-04-27 01:21:49'),
(339, 6, 79, 4, 1, 1, 18, 26, '2017-04-27 01:21:49'),
(340, 6, 80, 7, 6, 51, 5, 3, '2017-04-27 01:21:49'),
(341, 6, 80, 7, 6, 51, 4, 3, '2017-04-27 01:21:49'),
(342, 6, 80, 7, 6, 51, 9, 1, '2017-04-27 01:21:49'),
(343, 6, 80, 7, 6, 51, 10, 1, '2017-04-27 01:21:49'),
(344, 6, 80, 7, 6, 51, 37, 3, '2017-04-27 01:21:50'),
(345, 6, 80, 7, 6, 51, 36, 3, '2017-04-27 01:21:50'),
(346, 6, 81, 7, 7, 51, 33, 1, '2017-04-27 01:21:50'),
(347, 6, 81, 7, 7, 51, 34, 1, '2017-04-27 01:21:50'),
(348, 6, 81, 7, 7, 51, 1, 3, '2017-04-27 01:21:50'),
(349, 6, 81, 7, 7, 51, 2, 3, '2017-04-27 01:21:50'),
(350, 6, 81, 7, 7, 51, 24, 2, '2017-04-27 01:21:50'),
(351, 6, 81, 7, 7, 51, 25, 2, '2017-04-27 01:21:50'),
(352, 6, 82, 7, 8, 51, 28, 5, '2017-04-27 01:21:50'),
(353, 6, 82, 7, 8, 51, 29, 5, '2017-04-27 01:21:51'),
(354, 6, 82, 7, 8, 51, 17, 2, '2017-04-27 01:21:51'),
(355, 6, 82, 7, 8, 51, 18, 2, '2017-04-27 01:21:51'),
(356, 6, 82, 7, 8, 51, 12, 1, '2017-04-27 01:21:51'),
(357, 6, 82, 7, 8, 51, 13, 1, '2017-04-27 01:21:51'),
(358, 6, 83, 7, 1, 1, 11, 26, '2017-04-27 01:21:51'),
(359, 6, 83, 7, 1, 1, 19, 26, '2017-04-27 01:21:51'),
(360, 6, 83, 7, 1, 1, 35, 26, '2017-04-27 01:21:51'),
(361, 6, 83, 7, 1, 1, 3, 26, '2017-04-27 01:21:51'),
(362, 6, 83, 7, 1, 1, 26, 26, '2017-04-27 01:21:51'),
(463, 7, 85, 4, 3, 63, 13, 2, '2017-04-28 05:55:08'),
(464, 7, 85, 4, 3, 63, 14, 2, '2017-04-28 05:55:08'),
(465, 7, 85, 4, 3, 63, 17, 1, '2017-04-28 05:55:08'),
(466, 7, 85, 4, 3, 63, 18, 1, '2017-04-28 05:55:08'),
(467, 7, 85, 4, 3, 63, 29, 1, '2017-04-28 05:55:08'),
(468, 7, 85, 4, 3, 63, 30, 1, '2017-04-28 05:55:08'),
(469, 7, 86, 4, 5, 63, 4, 5, '2017-04-28 05:55:08'),
(470, 7, 86, 4, 5, 63, 5, 5, '2017-04-28 05:55:08'),
(471, 7, 86, 4, 5, 63, 21, 3, '2017-04-28 05:55:08'),
(472, 7, 86, 4, 5, 63, 22, 3, '2017-04-28 05:55:08'),
(473, 7, 86, 4, 5, 63, 27, 5, '2017-04-28 05:55:08'),
(474, 7, 86, 4, 5, 63, 28, 5, '2017-04-28 05:55:08'),
(475, 7, 87, 4, 46, 47, 10, 2, '2017-04-28 05:55:08'),
(476, 7, 87, 4, 46, 47, 11, 2, '2017-04-28 05:55:08'),
(477, 7, 87, 4, 46, 47, 0, 1, '2017-04-28 05:55:08'),
(478, 7, 87, 4, 46, 47, 1, 1, '2017-04-28 05:55:08'),
(479, 7, 88, 4, 53, 5, 16, 22, '2017-04-28 05:55:08'),
(480, 7, 88, 4, 53, 5, 17, 22, '2017-04-28 05:55:08'),
(481, 7, 88, 4, 53, 5, 9, 22, '2017-04-28 05:55:08'),
(482, 7, 89, 4, 42, 63, 37, 2, '2017-04-28 05:55:08'),
(483, 7, 89, 4, 42, 63, 38, 2, '2017-04-28 05:55:08'),
(484, 7, 89, 4, 42, 63, 2, 5, '2017-04-28 05:55:08'),
(485, 7, 90, 4, 1, 1, 19, 26, '2017-04-28 05:55:09'),
(486, 7, 90, 4, 1, 1, 11, 26, '2017-04-28 05:55:09'),
(487, 7, 90, 4, 1, 1, 35, 26, '2017-04-28 05:55:09'),
(488, 7, 90, 4, 1, 1, 3, 26, '2017-04-28 05:55:09'),
(489, 7, 90, 4, 1, 1, 26, 26, '2017-04-28 05:55:09'),
(490, 7, 91, 7, 6, 51, 36, 3, '2017-04-28 05:55:09'),
(491, 7, 91, 7, 6, 51, 37, 3, '2017-04-28 05:55:09'),
(492, 7, 91, 7, 6, 51, 12, 5, '2017-04-28 05:55:09'),
(493, 7, 91, 7, 6, 51, 13, 5, '2017-04-28 05:55:09'),
(494, 7, 91, 7, 6, 51, 5, 3, '2017-04-28 05:55:09'),
(495, 7, 91, 7, 6, 51, 6, 3, '2017-04-28 05:55:09'),
(496, 7, 92, 7, 7, 51, 25, 5, '2017-04-28 05:55:09'),
(497, 7, 92, 7, 7, 51, 26, 5, '2017-04-28 05:55:09'),
(498, 7, 92, 7, 7, 51, 3, 3, '2017-04-28 05:55:09'),
(499, 7, 92, 7, 7, 51, 4, 3, '2017-04-28 05:55:09'),
(500, 7, 92, 7, 7, 51, 33, 1, '2017-04-28 05:55:09'),
(501, 7, 92, 7, 7, 51, 34, 1, '2017-04-28 05:55:09'),
(502, 7, 93, 7, 8, 51, 27, 25, '2017-04-28 05:55:09'),
(503, 7, 93, 7, 8, 51, 28, 25, '2017-04-28 05:55:09'),
(504, 7, 93, 7, 8, 51, 0, 25, '2017-04-28 05:55:09'),
(505, 7, 93, 7, 8, 51, 1, 25, '2017-04-28 05:55:09'),
(506, 7, 93, 7, 8, 51, 19, 25, '2017-04-28 05:55:10'),
(507, 7, 93, 7, 8, 51, 20, 25, '2017-04-28 05:55:10'),
(508, 7, 94, 7, 52, 5, 20, 22, '2017-04-28 05:55:10'),
(509, 7, 94, 7, 52, 5, 21, 22, '2017-04-28 05:55:10'),
(510, 7, 94, 7, 52, 5, 13, 22, '2017-04-28 05:55:10'),
(511, 7, 95, 7, 1, 1, 26, 26, '2017-04-28 05:55:10'),
(512, 7, 95, 7, 1, 1, 18, 26, '2017-04-28 05:55:10'),
(513, 7, 95, 7, 1, 1, 35, 26, '2017-04-28 05:55:10'),
(514, 7, 95, 7, 1, 1, 2, 26, '2017-04-28 05:55:10'),
(515, 7, 95, 7, 1, 1, 11, 26, '2017-04-28 05:55:10'),
(516, 7, 96, 13, 14, 51, 35, 2, '2017-04-28 05:55:10'),
(517, 7, 96, 13, 14, 51, 36, 2, '2017-04-28 05:55:10'),
(518, 7, 96, 13, 14, 51, 9, 1, '2017-04-28 05:55:10'),
(519, 7, 96, 13, 14, 51, 10, 1, '2017-04-28 05:55:10'),
(520, 7, 96, 13, 14, 51, 16, 2, '2017-04-28 05:55:10'),
(521, 7, 96, 13, 14, 51, 17, 2, '2017-04-28 05:55:10'),
(522, 7, 97, 13, 15, 39, 5, 1, '2017-04-28 05:55:10'),
(523, 7, 97, 13, 15, 39, 6, 1, '2017-04-28 05:55:10'),
(524, 7, 97, 13, 15, 39, 24, 3, '2017-04-28 05:55:10'),
(525, 7, 97, 13, 15, 39, 25, 3, '2017-04-28 05:55:10'),
(526, 7, 97, 13, 15, 39, 10, 3, '2017-04-28 05:55:10'),
(527, 7, 97, 13, 15, 39, 11, 3, '2017-04-28 05:55:11'),
(528, 7, 98, 13, 11, 39, 27, 3, '2017-04-28 05:55:11'),
(529, 7, 98, 13, 11, 39, 28, 3, '2017-04-28 05:55:11'),
(530, 7, 98, 13, 11, 39, 13, 3, '2017-04-28 05:55:11'),
(531, 7, 98, 13, 11, 39, 14, 3, '2017-04-28 05:55:11'),
(532, 7, 98, 13, 11, 39, 37, 1, '2017-04-28 05:55:11'),
(533, 7, 98, 13, 11, 39, 38, 1, '2017-04-28 05:55:11'),
(534, 7, 99, 13, 52, 5, 11, 22, '2017-04-28 05:55:11'),
(535, 7, 99, 13, 52, 5, 12, 22, '2017-04-28 05:55:11'),
(536, 7, 99, 13, 52, 5, 32, 22, '2017-04-28 05:55:11'),
(537, 7, 100, 13, 1, 1, 26, 26, '2017-04-28 05:55:11'),
(538, 7, 100, 13, 1, 1, 34, 26, '2017-04-28 05:55:11'),
(539, 7, 100, 13, 1, 1, 2, 26, '2017-04-28 05:55:11'),
(540, 7, 100, 13, 1, 1, 18, 26, '2017-04-28 05:55:11'),
(541, 7, 100, 13, 1, 1, 10, 26, '2017-04-28 05:55:11'),
(542, 7, 101, 55, 19, 21, 0, 8, '2017-04-28 05:55:11'),
(543, 7, 101, 55, 19, 21, 1, 8, '2017-04-28 05:55:11'),
(544, 7, 101, 55, 19, 21, 2, 8, '2017-04-28 05:55:11'),
(545, 7, 101, 55, 19, 21, 35, 9, '2017-04-28 05:55:11'),
(546, 7, 101, 55, 19, 21, 36, 9, '2017-04-28 05:55:11'),
(547, 7, 101, 55, 19, 21, 16, 8, '2017-04-28 05:55:11'),
(548, 7, 101, 55, 19, 21, 17, 8, '2017-04-28 05:55:12'),
(549, 7, 102, 55, 20, 62, 8, 9, '2017-04-28 05:55:12'),
(550, 7, 102, 55, 20, 62, 9, 9, '2017-04-28 05:55:12'),
(551, 7, 102, 55, 20, 62, 10, 9, '2017-04-28 05:55:12'),
(552, 7, 102, 55, 20, 62, 18, 9, '2017-04-28 05:55:12'),
(553, 7, 102, 55, 20, 62, 19, 9, '2017-04-28 05:55:12'),
(554, 7, 102, 55, 20, 62, 24, 9, '2017-04-28 05:55:12'),
(555, 7, 102, 55, 20, 62, 25, 9, '2017-04-28 05:55:12'),
(556, 7, 103, 55, 47, 28, 20, 5, '2017-04-28 05:55:12'),
(557, 7, 103, 55, 47, 28, 21, 5, '2017-04-28 05:55:12'),
(558, 7, 103, 55, 47, 28, 13, 1, '2017-04-28 05:55:12'),
(559, 7, 103, 55, 47, 28, 14, 1, '2017-04-28 05:55:12'),
(560, 7, 104, 55, 54, 37, 29, 22, '2017-04-28 05:55:12'),
(561, 7, 104, 55, 54, 37, 30, 22, '2017-04-28 05:55:12'),
(562, 7, 104, 55, 54, 37, 3, 22, '2017-04-28 05:55:12'),
(563, 7, 105, 55, 45, 19, 27, 23, '2017-04-28 05:55:12'),
(564, 7, 105, 55, 45, 19, 28, 23, '2017-04-28 05:55:12'),
(565, 7, 105, 55, 45, 19, 12, 23, '2017-04-28 05:55:12'),
(566, 7, 105, 55, 45, 19, 0, 23, '2017-04-28 05:55:12'),
(567, 7, 106, 55, 1, 1, 3, 26, '2017-04-28 05:55:12'),
(568, 7, 106, 55, 1, 1, 26, 26, '2017-04-28 05:55:13'),
(569, 7, 106, 55, 1, 1, 34, 26, '2017-04-28 05:55:13'),
(570, 7, 106, 55, 1, 1, 19, 26, '2017-04-28 05:55:13'),
(571, 7, 106, 55, 1, 1, 11, 26, '2017-04-28 05:55:13'),
(572, 7, 107, 61, 60, 21, 32, 8, '2017-04-28 05:55:13'),
(573, 7, 107, 61, 60, 21, 33, 8, '2017-04-28 05:55:13'),
(574, 7, 107, 61, 60, 21, 34, 8, '2017-04-28 05:55:13'),
(575, 7, 107, 61, 60, 21, 27, 9, '2017-04-28 05:55:13'),
(576, 7, 107, 61, 60, 21, 28, 9, '2017-04-28 05:55:13'),
(577, 7, 108, 61, 27, 18, 32, 4, '2017-04-28 05:55:13'),
(578, 7, 108, 61, 27, 18, 33, 4, '2017-04-28 05:55:13'),
(579, 7, 108, 61, 27, 18, 34, 4, '2017-04-28 05:55:13'),
(580, 7, 108, 61, 27, 18, 16, 4, '2017-04-28 05:55:13'),
(581, 7, 108, 61, 27, 18, 17, 4, '2017-04-28 05:55:13'),
(582, 7, 108, 61, 27, 18, 0, 4, '2017-04-28 05:55:13'),
(583, 7, 108, 61, 27, 18, 1, 4, '2017-04-28 05:55:13'),
(584, 7, 108, 61, 27, 18, 2, 4, '2017-04-28 05:55:13'),
(585, 7, 108, 61, 27, 18, 8, 4, '2017-04-28 05:55:13'),
(586, 7, 108, 61, 27, 18, 9, 4, '2017-04-28 05:55:13'),
(587, 7, 109, 61, 28, 18, 10, 4, '2017-04-28 05:55:13'),
(588, 7, 109, 61, 28, 18, 11, 4, '2017-04-28 05:55:13'),
(589, 7, 109, 61, 28, 18, 12, 4, '2017-04-28 05:55:14'),
(590, 7, 109, 61, 28, 18, 24, 4, '2017-04-28 05:55:14'),
(591, 7, 109, 61, 28, 18, 25, 4, '2017-04-28 05:55:14'),
(592, 7, 109, 61, 28, 18, 26, 4, '2017-04-28 05:55:14'),
(593, 7, 109, 61, 28, 18, 17, 4, '2017-04-28 05:55:14'),
(594, 7, 109, 61, 28, 18, 18, 4, '2017-04-28 05:55:14'),
(595, 7, 109, 61, 28, 18, 19, 4, '2017-04-28 05:55:14'),
(596, 7, 109, 61, 28, 18, 20, 4, '2017-04-28 05:55:14'),
(597, 7, 110, 61, 52, 5, 18, 22, '2017-04-28 05:55:14'),
(598, 7, 110, 61, 52, 5, 19, 22, '2017-04-28 05:55:14'),
(599, 7, 110, 61, 52, 5, 36, 22, '2017-04-28 05:55:14'),
(600, 7, 111, 61, 17, 14, 5, 5, '2017-04-28 05:55:14'),
(601, 7, 111, 61, 17, 14, 6, 5, '2017-04-28 05:55:14'),
(602, 7, 111, 61, 17, 14, 21, 2, '2017-04-28 05:55:14'),
(603, 7, 111, 61, 17, 14, 22, 2, '2017-04-28 05:55:14'),
(604, 7, 112, 61, 1, 1, 18, 26, '2017-04-28 05:55:14'),
(605, 7, 112, 61, 1, 1, 27, 26, '2017-04-28 05:55:14'),
(606, 7, 112, 61, 1, 1, 35, 26, '2017-04-28 05:55:14'),
(607, 7, 112, 61, 1, 1, 10, 26, '2017-04-28 05:55:14'),
(608, 7, 112, 61, 1, 1, 3, 26, '2017-04-28 05:55:14'),
(609, 7, 113, 43, 61, 25, 34, 10, '2017-04-28 05:55:14'),
(610, 7, 113, 43, 61, 25, 35, 10, '2017-04-28 05:55:15'),
(611, 7, 113, 43, 61, 25, 17, 10, '2017-04-28 05:55:15'),
(612, 7, 113, 43, 61, 25, 18, 10, '2017-04-28 05:55:15'),
(613, 7, 113, 43, 61, 25, 24, 10, '2017-04-28 05:55:15'),
(614, 7, 113, 43, 61, 25, 25, 10, '2017-04-28 05:55:15'),
(615, 7, 113, 43, 61, 25, 26, 10, '2017-04-28 05:55:15'),
(616, 7, 114, 43, 62, 27, 19, 11, '2017-04-28 05:55:15'),
(617, 7, 114, 43, 62, 27, 20, 11, '2017-04-28 05:55:15'),
(618, 7, 114, 43, 62, 27, 21, 11, '2017-04-28 05:55:15'),
(619, 7, 114, 43, 62, 27, 12, 27, '2017-04-28 05:55:15'),
(620, 7, 114, 43, 62, 27, 13, 27, '2017-04-28 05:55:15'),
(621, 7, 115, 43, 63, 20, 8, 10, '2017-04-28 05:55:15'),
(622, 7, 115, 43, 63, 20, 9, 10, '2017-04-28 05:55:15'),
(623, 7, 115, 43, 63, 20, 16, 11, '2017-04-28 05:55:15'),
(624, 7, 115, 43, 63, 20, 17, 11, '2017-04-28 05:55:15'),
(625, 7, 116, 43, 64, 24, 10, 10, '2017-04-28 05:55:15'),
(626, 7, 116, 43, 64, 24, 11, 10, '2017-04-28 05:55:15'),
(627, 7, 116, 43, 64, 24, 28, 10, '2017-04-28 05:55:15'),
(628, 7, 116, 43, 64, 24, 29, 10, '2017-04-28 05:55:15'),
(629, 7, 116, 43, 64, 24, 36, 11, '2017-04-28 05:55:15'),
(630, 7, 116, 43, 64, 24, 37, 11, '2017-04-28 05:55:15'),
(631, 7, 116, 43, 64, 24, 2, 10, '2017-04-28 05:55:15'),
(632, 7, 116, 43, 64, 24, 3, 10, '2017-04-28 05:55:16'),
(633, 7, 116, 43, 64, 24, 4, 10, '2017-04-28 05:55:16'),
(634, 7, 117, 43, 1, 1, 18, 26, '2017-04-28 05:55:16'),
(635, 7, 117, 43, 1, 1, 27, 26, '2017-04-28 05:55:16'),
(636, 7, 117, 43, 1, 1, 2, 26, '2017-04-28 05:55:16'),
(637, 7, 117, 43, 1, 1, 10, 26, '2017-04-28 05:55:16'),
(638, 7, 117, 43, 1, 1, 35, 26, '2017-04-28 05:55:16'),
(639, 7, 118, 40, 58, 27, 9, 25, '2017-04-28 05:55:16'),
(640, 7, 118, 40, 58, 27, 10, 25, '2017-04-28 05:55:16'),
(641, 7, 118, 40, 58, 27, 2, 25, '2017-04-28 05:55:16'),
(642, 7, 118, 40, 58, 27, 3, 25, '2017-04-28 05:55:16'),
(643, 7, 118, 40, 58, 27, 4, 25, '2017-04-28 05:55:16'),
(644, 7, 118, 40, 58, 27, 36, 25, '2017-04-28 05:55:16'),
(645, 7, 118, 40, 58, 27, 37, 25, '2017-04-28 05:55:16'),
(646, 7, 118, 40, 58, 27, 16, 25, '2017-04-28 05:55:16'),
(647, 7, 118, 40, 58, 27, 17, 25, '2017-04-28 05:55:16'),
(648, 7, 118, 40, 58, 27, 27, 25, '2017-04-28 05:55:16'),
(649, 7, 118, 40, 58, 27, 28, 25, '2017-04-28 05:55:16'),
(650, 7, 118, 40, 58, 27, 29, 25, '2017-04-28 05:55:16'),
(651, 7, 119, 40, 59, 26, 33, 10, '2017-04-28 05:55:17'),
(652, 7, 119, 40, 59, 26, 34, 10, '2017-04-28 05:55:17'),
(653, 7, 119, 40, 59, 26, 24, 11, '2017-04-28 05:55:17'),
(654, 7, 119, 40, 59, 26, 25, 11, '2017-04-28 05:55:17'),
(655, 7, 119, 40, 59, 26, 26, 11, '2017-04-28 05:55:17'),
(656, 7, 119, 40, 59, 26, 0, 11, '2017-04-28 05:55:17'),
(657, 7, 119, 40, 59, 26, 1, 11, '2017-04-28 05:55:17'),
(658, 7, 119, 40, 59, 26, 17, 27, '2017-04-28 05:55:17'),
(659, 7, 119, 40, 59, 26, 18, 27, '2017-04-28 05:55:17'),
(660, 7, 120, 40, 42, 39, 3, 2, '2017-04-28 05:55:17'),
(661, 7, 120, 40, 42, 39, 20, 1, '2017-04-28 05:55:17'),
(662, 7, 120, 40, 42, 39, 21, 1, '2017-04-28 05:55:17'),
(663, 7, 121, 40, 1, 1, 26, 26, '2017-04-28 05:55:17'),
(664, 7, 121, 40, 1, 1, 2, 26, '2017-04-28 05:55:17'),
(665, 7, 121, 40, 1, 1, 35, 26, '2017-04-28 05:55:17'),
(666, 7, 121, 40, 1, 1, 19, 26, '2017-04-28 05:55:17'),
(667, 7, 121, 40, 1, 1, 11, 26, '2017-04-28 05:55:17'),
(668, 7, 122, 34, 65, 20, 12, 10, '2017-04-28 05:55:17'),
(669, 7, 122, 34, 65, 20, 13, 10, '2017-04-28 05:55:17'),
(670, 7, 122, 34, 65, 20, 0, 10, '2017-04-28 05:55:18'),
(671, 7, 122, 34, 65, 20, 1, 10, '2017-04-28 05:55:18'),
(672, 7, 122, 34, 65, 20, 35, 27, '2017-04-28 05:55:18'),
(673, 7, 122, 34, 65, 20, 36, 27, '2017-04-28 05:55:18'),
(674, 7, 122, 34, 65, 20, 37, 27, '2017-04-28 05:55:18'),
(675, 7, 123, 34, 60, 25, 27, 11, '2017-04-28 05:55:18'),
(676, 7, 123, 34, 60, 25, 28, 11, '2017-04-28 05:55:18'),
(677, 7, 123, 34, 60, 25, 19, 10, '2017-04-28 05:55:18'),
(678, 7, 123, 34, 60, 25, 32, 27, '2017-04-28 05:55:18'),
(679, 7, 123, 34, 60, 25, 33, 27, '2017-04-28 05:55:18'),
(680, 7, 124, 34, 52, 5, 25, 22, '2017-04-28 05:55:18'),
(681, 7, 124, 34, 52, 5, 26, 22, '2017-04-28 05:55:18'),
(682, 7, 124, 34, 52, 5, 2, 22, '2017-04-28 05:55:18'),
(683, 7, 125, 34, 17, 64, 34, 5, '2017-04-28 05:55:18'),
(684, 7, 125, 34, 17, 64, 35, 5, '2017-04-28 05:55:18'),
(685, 7, 125, 34, 17, 64, 30, 5, '2017-04-28 05:55:18'),
(686, 7, 125, 34, 17, 64, 31, 5, '2017-04-28 05:55:19'),
(687, 7, 126, 34, 45, 60, 9, 24, '2017-04-28 05:55:19'),
(688, 7, 126, 34, 45, 60, 10, 24, '2017-04-28 05:55:19'),
(689, 7, 126, 34, 45, 60, 21, 24, '2017-04-28 05:55:19'),
(690, 7, 126, 34, 45, 60, 22, 24, '2017-04-28 05:55:19'),
(691, 7, 127, 34, 1, 1, 11, 26, '2017-04-28 05:55:19'),
(692, 7, 127, 34, 1, 1, 3, 26, '2017-04-28 05:55:19'),
(693, 7, 127, 34, 1, 1, 35, 26, '2017-04-28 05:55:19'),
(694, 7, 127, 34, 1, 1, 27, 26, '2017-04-28 05:55:19'),
(695, 7, 127, 34, 1, 1, 18, 26, '2017-04-28 05:55:19'),
(696, 7, 128, 31, 55, 20, 2, 27, '2017-04-28 05:55:19'),
(697, 7, 128, 31, 55, 20, 3, 27, '2017-04-28 05:55:20'),
(698, 7, 128, 31, 55, 20, 10, 11, '2017-04-28 05:55:20'),
(699, 7, 128, 31, 55, 20, 11, 11, '2017-04-28 05:55:20'),
(700, 7, 128, 31, 55, 20, 18, 27, '2017-04-28 05:55:20'),
(701, 7, 128, 31, 55, 20, 19, 27, '2017-04-28 05:55:20'),
(702, 7, 128, 31, 55, 20, 20, 27, '2017-04-28 05:55:20'),
(703, 7, 129, 31, 36, 62, 35, 8, '2017-04-28 05:55:20'),
(704, 7, 129, 31, 36, 62, 36, 8, '2017-04-28 05:55:20'),
(705, 7, 129, 31, 36, 62, 0, 9, '2017-04-28 05:55:20'),
(706, 7, 129, 31, 36, 62, 1, 9, '2017-04-28 05:55:20'),
(707, 7, 130, 31, 48, 43, 16, 5, '2017-04-28 05:55:21'),
(708, 7, 130, 31, 48, 43, 17, 5, '2017-04-28 05:55:21'),
(709, 7, 130, 31, 48, 43, 24, 5, '2017-04-28 05:55:21'),
(710, 7, 130, 31, 48, 43, 25, 5, '2017-04-28 05:55:21'),
(711, 7, 131, 31, 51, 16, 21, 5, '2017-04-28 05:55:21'),
(712, 7, 131, 31, 51, 16, 22, 5, '2017-04-28 05:55:21'),
(713, 7, 131, 31, 51, 16, 32, 2, '2017-04-28 05:55:21'),
(714, 7, 131, 31, 51, 16, 33, 2, '2017-04-28 05:55:21'),
(715, 7, 132, 31, 53, 5, 28, 22, '2017-04-28 05:55:21'),
(716, 7, 132, 31, 53, 5, 37, 22, '2017-04-28 05:55:21'),
(717, 7, 132, 31, 53, 5, 38, 22, '2017-04-28 05:55:21'),
(718, 7, 133, 31, 1, 1, 10, 26, '2017-04-28 05:55:21'),
(719, 7, 133, 31, 1, 1, 2, 26, '2017-04-28 05:55:21'),
(720, 7, 133, 31, 1, 1, 19, 26, '2017-04-28 05:55:21'),
(721, 7, 133, 31, 1, 1, 26, 26, '2017-04-28 05:55:21'),
(722, 7, 133, 31, 1, 1, 34, 26, '2017-04-28 05:55:22'),
(723, 7, 134, 28, 33, 24, 13, 16, '2017-04-28 05:55:22'),
(724, 7, 135, 28, 34, 26, 3, 11, '2017-04-28 05:55:22'),
(725, 7, 135, 28, 34, 26, 4, 11, '2017-04-28 05:55:22'),
(726, 7, 135, 28, 34, 26, 35, 27, '2017-04-28 05:55:22'),
(727, 7, 135, 28, 34, 26, 36, 27, '2017-04-28 05:55:22'),
(728, 7, 135, 28, 34, 26, 8, 11, '2017-04-28 05:55:22'),
(729, 7, 135, 28, 34, 26, 9, 11, '2017-04-28 05:55:22'),
(730, 7, 135, 28, 34, 26, 28, 27, '2017-04-28 05:55:22'),
(731, 7, 135, 28, 34, 26, 29, 27, '2017-04-28 05:55:22'),
(732, 7, 136, 28, 47, 28, 25, 1, '2017-04-28 05:55:22'),
(733, 7, 136, 28, 47, 28, 26, 1, '2017-04-28 05:55:22'),
(734, 7, 136, 28, 47, 28, 32, 5, '2017-04-28 05:55:22'),
(735, 7, 136, 28, 47, 28, 33, 5, '2017-04-28 05:55:22'),
(736, 7, 137, 28, 50, 16, 0, 3, '2017-04-28 05:55:23'),
(737, 7, 137, 28, 50, 16, 1, 3, '2017-04-28 05:55:23'),
(738, 7, 137, 28, 50, 16, 8, 3, '2017-04-28 05:55:23'),
(739, 7, 137, 28, 50, 16, 9, 3, '2017-04-28 05:55:23'),
(740, 7, 138, 28, 54, 37, 24, 22, '2017-04-28 05:55:23'),
(741, 7, 138, 28, 54, 37, 5, 22, '2017-04-28 05:55:23'),
(742, 7, 138, 28, 54, 37, 6, 22, '2017-04-28 05:55:23'),
(743, 7, 139, 28, 1, 1, 2, 26, '2017-04-28 05:55:23'),
(744, 7, 139, 28, 1, 1, 10, 26, '2017-04-28 05:55:23'),
(745, 7, 139, 28, 1, 1, 27, 26, '2017-04-28 05:55:23'),
(746, 7, 139, 28, 1, 1, 18, 26, '2017-04-28 05:55:23'),
(747, 7, 139, 28, 1, 1, 34, 26, '2017-04-28 05:55:23'),
(748, 10, 160, 4, 3, 63, 37, 2, '2017-04-28 06:23:57'),
(749, 10, 160, 4, 3, 63, 38, 2, '2017-04-28 06:23:57'),
(750, 10, 160, 4, 3, 63, 5, 5, '2017-04-28 06:23:57'),
(751, 10, 160, 4, 3, 63, 6, 5, '2017-04-28 06:23:57'),
(752, 10, 160, 4, 3, 63, 16, 1, '2017-04-28 06:23:57'),
(753, 10, 160, 4, 3, 63, 17, 1, '2017-04-28 06:23:57'),
(754, 10, 161, 4, 5, 63, 35, 5, '2017-04-28 06:23:57'),
(755, 10, 161, 4, 5, 63, 36, 5, '2017-04-28 06:23:57'),
(756, 10, 161, 4, 5, 63, 29, 2, '2017-04-28 06:23:57'),
(757, 10, 161, 4, 5, 63, 30, 2, '2017-04-28 06:23:57'),
(758, 10, 161, 4, 5, 63, 9, 2, '2017-04-28 06:23:57'),
(759, 10, 161, 4, 5, 63, 10, 2, '2017-04-28 06:23:57'),
(760, 10, 162, 4, 46, 47, 3, 3, '2017-04-28 06:23:57'),
(761, 10, 162, 4, 46, 47, 4, 3, '2017-04-28 06:23:57'),
(762, 10, 162, 4, 46, 47, 24, 3, '2017-04-28 06:23:57'),
(763, 10, 162, 4, 46, 47, 25, 3, '2017-04-28 06:23:57'),
(764, 10, 163, 4, 53, 5, 8, 22, '2017-04-28 06:23:57'),
(765, 10, 163, 4, 53, 5, 33, 22, '2017-04-28 06:23:58'),
(766, 10, 163, 4, 53, 5, 34, 22, '2017-04-28 06:23:58'),
(767, 10, 164, 4, 42, 63, 0, 2, '2017-04-28 06:23:58'),
(768, 10, 164, 4, 42, 63, 1, 2, '2017-04-28 06:23:58'),
(769, 10, 164, 4, 42, 63, 22, 1, '2017-04-28 06:23:58'),
(770, 10, 165, 4, 1, 1, 2, 26, '2017-04-28 06:23:58'),
(771, 10, 165, 4, 1, 1, 27, 26, '2017-04-28 06:23:58'),
(772, 10, 165, 4, 1, 1, 11, 26, '2017-04-28 06:23:58'),
(773, 10, 165, 4, 1, 1, 34, 26, '2017-04-28 06:23:58'),
(774, 10, 165, 4, 1, 1, 19, 26, '2017-04-28 06:23:58'),
(775, 10, 166, 7, 6, 51, 29, 3, '2017-04-28 06:23:58'),
(776, 10, 166, 7, 6, 51, 30, 3, '2017-04-28 06:23:58'),
(777, 10, 166, 7, 6, 51, 16, 2, '2017-04-28 06:23:58'),
(778, 10, 166, 7, 6, 51, 17, 2, '2017-04-28 06:23:58'),
(779, 10, 166, 7, 6, 51, 8, 5, '2017-04-28 06:23:58'),
(780, 10, 166, 7, 6, 51, 9, 5, '2017-04-28 06:23:58'),
(781, 10, 167, 7, 7, 51, 24, 1, '2017-04-28 06:23:58'),
(782, 10, 167, 7, 7, 51, 25, 1, '2017-04-28 06:23:58'),
(783, 10, 167, 7, 7, 51, 1, 5, '2017-04-28 06:23:58'),
(784, 10, 167, 7, 7, 51, 2, 5, '2017-04-28 06:23:58'),
(785, 10, 167, 7, 7, 51, 33, 1, '2017-04-28 06:23:58'),
(786, 10, 167, 7, 7, 51, 34, 1, '2017-04-28 06:23:58'),
(787, 10, 168, 7, 8, 51, 12, 25, '2017-04-28 06:23:59'),
(788, 10, 168, 7, 8, 51, 13, 25, '2017-04-28 06:23:59'),
(789, 10, 168, 7, 8, 51, 3, 25, '2017-04-28 06:23:59'),
(790, 10, 168, 7, 8, 51, 4, 25, '2017-04-28 06:23:59'),
(791, 10, 168, 7, 8, 51, 37, 25, '2017-04-28 06:23:59'),
(792, 10, 168, 7, 8, 51, 38, 25, '2017-04-28 06:23:59'),
(793, 10, 169, 7, 52, 5, 6, 22, '2017-04-28 06:23:59'),
(794, 10, 169, 7, 52, 5, 27, 22, '2017-04-28 06:23:59'),
(795, 10, 169, 7, 52, 5, 28, 22, '2017-04-28 06:23:59'),
(796, 10, 170, 7, 1, 1, 3, 26, '2017-04-28 06:23:59'),
(797, 10, 170, 7, 1, 1, 18, 26, '2017-04-28 06:23:59'),
(798, 10, 170, 7, 1, 1, 26, 26, '2017-04-28 06:23:59'),
(799, 10, 170, 7, 1, 1, 11, 26, '2017-04-28 06:23:59'),
(800, 10, 170, 7, 1, 1, 35, 26, '2017-04-28 06:23:59'),
(801, 10, 171, 13, 14, 51, 13, 5, '2017-04-28 06:23:59'),
(802, 10, 171, 13, 14, 51, 14, 5, '2017-04-28 06:23:59'),
(803, 10, 171, 13, 14, 51, 21, 2, '2017-04-28 06:23:59'),
(804, 10, 171, 13, 14, 51, 22, 2, '2017-04-28 06:23:59'),
(805, 10, 171, 13, 14, 51, 32, 5, '2017-04-28 06:23:59'),
(806, 10, 171, 13, 14, 51, 33, 5, '2017-04-28 06:23:59'),
(807, 10, 172, 13, 15, 39, 24, 2, '2017-04-28 06:24:00'),
(808, 10, 172, 13, 15, 39, 25, 2, '2017-04-28 06:24:00'),
(809, 10, 172, 13, 15, 39, 8, 1, '2017-04-28 06:24:00'),
(810, 10, 172, 13, 15, 39, 9, 1, '2017-04-28 06:24:00'),
(811, 10, 172, 13, 15, 39, 3, 2, '2017-04-28 06:24:00'),
(812, 10, 172, 13, 15, 39, 4, 2, '2017-04-28 06:24:00'),
(813, 10, 173, 13, 11, 39, 35, 1, '2017-04-28 06:24:00'),
(814, 10, 173, 13, 11, 39, 36, 1, '2017-04-28 06:24:00'),
(815, 10, 173, 13, 11, 39, 29, 1, '2017-04-28 06:24:00'),
(816, 10, 173, 13, 11, 39, 30, 1, '2017-04-28 06:24:00'),
(817, 10, 173, 13, 11, 39, 10, 1, '2017-04-28 06:24:00'),
(818, 10, 173, 13, 11, 39, 11, 1, '2017-04-28 06:24:00'),
(819, 10, 174, 13, 52, 5, 16, 22, '2017-04-28 06:24:00'),
(820, 10, 174, 13, 52, 5, 17, 22, '2017-04-28 06:24:00'),
(821, 10, 174, 13, 52, 5, 12, 22, '2017-04-28 06:24:00'),
(822, 10, 175, 13, 1, 1, 26, 26, '2017-04-28 06:24:00'),
(823, 10, 175, 13, 1, 1, 18, 26, '2017-04-28 06:24:00'),
(824, 10, 175, 13, 1, 1, 10, 26, '2017-04-28 06:24:00'),
(825, 10, 175, 13, 1, 1, 2, 26, '2017-04-28 06:24:00'),
(826, 10, 175, 13, 1, 1, 34, 26, '2017-04-28 06:24:00'),
(827, 10, 176, 55, 19, 21, 10, 8, '2017-04-28 06:24:00'),
(828, 10, 176, 55, 19, 21, 11, 8, '2017-04-28 06:24:00'),
(829, 10, 176, 55, 19, 21, 12, 8, '2017-04-28 06:24:01'),
(830, 10, 176, 55, 19, 21, 1, 9, '2017-04-28 06:24:01'),
(831, 10, 176, 55, 19, 21, 2, 9, '2017-04-28 06:24:01'),
(832, 10, 176, 55, 19, 21, 19, 9, '2017-04-28 06:24:01'),
(833, 10, 176, 55, 19, 21, 20, 9, '2017-04-28 06:24:01'),
(834, 10, 177, 55, 20, 62, 26, 8, '2017-04-28 06:24:01'),
(835, 10, 177, 55, 20, 62, 27, 8, '2017-04-28 06:24:01'),
(836, 10, 177, 55, 20, 62, 32, 9, '2017-04-28 06:24:01'),
(837, 10, 177, 55, 20, 62, 33, 9, '2017-04-28 06:24:01'),
(838, 10, 177, 55, 20, 62, 34, 9, '2017-04-28 06:24:01'),
(839, 10, 177, 55, 20, 62, 9, 9, '2017-04-28 06:24:01'),
(840, 10, 177, 55, 20, 62, 10, 9, '2017-04-28 06:24:01'),
(841, 10, 178, 55, 47, 28, 37, 5, '2017-04-28 06:24:01'),
(842, 10, 178, 55, 47, 28, 38, 5, '2017-04-28 06:24:01'),
(843, 10, 178, 55, 47, 28, 16, 3, '2017-04-28 06:24:01'),
(844, 10, 178, 55, 47, 28, 17, 3, '2017-04-28 06:24:01'),
(845, 10, 179, 55, 54, 37, 21, 22, '2017-04-28 06:24:01'),
(846, 10, 179, 55, 54, 37, 22, 22, '2017-04-28 06:24:01'),
(847, 10, 179, 55, 54, 37, 36, 22, '2017-04-28 06:24:01'),
(848, 10, 180, 55, 45, 19, 5, 23, '2017-04-28 06:24:01'),
(849, 10, 180, 55, 45, 19, 18, 23, '2017-04-28 06:24:01'),
(850, 10, 180, 55, 45, 19, 28, 23, '2017-04-28 06:24:02'),
(851, 10, 180, 55, 45, 19, 29, 23, '2017-04-28 06:24:02'),
(852, 10, 181, 55, 1, 1, 35, 26, '2017-04-28 06:24:02'),
(853, 10, 181, 55, 1, 1, 27, 26, '2017-04-28 06:24:02'),
(854, 10, 181, 55, 1, 1, 3, 26, '2017-04-28 06:24:02'),
(855, 10, 181, 55, 1, 1, 19, 26, '2017-04-28 06:24:02'),
(856, 10, 181, 55, 1, 1, 11, 26, '2017-04-28 06:24:02'),
(857, 10, 182, 61, 60, 21, 16, 9, '2017-04-28 06:24:02'),
(858, 10, 182, 61, 60, 21, 17, 9, '2017-04-28 06:24:02'),
(859, 10, 182, 61, 60, 21, 32, 8, '2017-04-28 06:24:02'),
(860, 10, 182, 61, 60, 21, 33, 8, '2017-04-28 06:24:02'),
(861, 10, 182, 61, 60, 21, 34, 8, '2017-04-28 06:24:02'),
(862, 10, 183, 61, 27, 18, 34, 4, '2017-04-28 06:24:02'),
(863, 10, 183, 61, 27, 18, 35, 4, '2017-04-28 06:24:02'),
(864, 10, 183, 61, 27, 18, 36, 4, '2017-04-28 06:24:02'),
(865, 10, 183, 61, 27, 18, 16, 4, '2017-04-28 06:24:02'),
(866, 10, 183, 61, 27, 18, 17, 4, '2017-04-28 06:24:02'),
(867, 10, 183, 61, 27, 18, 0, 4, '2017-04-28 06:24:02'),
(868, 10, 183, 61, 27, 18, 1, 4, '2017-04-28 06:24:02'),
(869, 10, 183, 61, 27, 18, 8, 4, '2017-04-28 06:24:03'),
(870, 10, 183, 61, 27, 18, 9, 4, '2017-04-28 06:24:03'),
(871, 10, 183, 61, 27, 18, 10, 4, '2017-04-28 06:24:03'),
(872, 10, 184, 61, 28, 18, 2, 4, '2017-04-28 06:24:03'),
(873, 10, 184, 61, 28, 18, 3, 4, '2017-04-28 06:24:03'),
(874, 10, 184, 61, 28, 18, 4, 4, '2017-04-28 06:24:03'),
(875, 10, 184, 61, 28, 18, 25, 4, '2017-04-28 06:24:03'),
(876, 10, 184, 61, 28, 18, 26, 4, '2017-04-28 06:24:03'),
(877, 10, 184, 61, 28, 18, 27, 4, '2017-04-28 06:24:03'),
(878, 10, 184, 61, 28, 18, 28, 4, '2017-04-28 06:24:03'),
(879, 10, 184, 61, 28, 18, 18, 4, '2017-04-28 06:24:03'),
(880, 10, 184, 61, 28, 18, 19, 4, '2017-04-28 06:24:03'),
(881, 10, 184, 61, 28, 18, 20, 4, '2017-04-28 06:24:03'),
(882, 10, 185, 61, 52, 5, 24, 22, '2017-04-28 06:24:03'),
(883, 10, 185, 61, 52, 5, 25, 22, '2017-04-28 06:24:03'),
(884, 10, 185, 61, 52, 5, 5, 22, '2017-04-28 06:24:03'),
(885, 10, 186, 61, 17, 14, 37, 3, '2017-04-28 06:24:03'),
(886, 10, 186, 61, 17, 14, 38, 3, '2017-04-28 06:24:03'),
(887, 10, 186, 61, 17, 14, 12, 3, '2017-04-28 06:24:03'),
(888, 10, 186, 61, 17, 14, 13, 3, '2017-04-28 06:24:03'),
(889, 10, 187, 61, 1, 1, 19, 26, '2017-04-28 06:24:03'),
(890, 10, 187, 61, 1, 1, 27, 26, '2017-04-28 06:24:04'),
(891, 10, 187, 61, 1, 1, 11, 26, '2017-04-28 06:24:04'),
(892, 10, 187, 61, 1, 1, 3, 26, '2017-04-28 06:24:04'),
(893, 10, 187, 61, 1, 1, 35, 26, '2017-04-28 06:24:04'),
(894, 10, 188, 43, 61, 25, 4, 27, '2017-04-28 06:24:04'),
(895, 10, 188, 43, 61, 25, 5, 27, '2017-04-28 06:24:04'),
(896, 10, 188, 43, 61, 25, 12, 27, '2017-04-28 06:24:04'),
(897, 10, 188, 43, 61, 25, 13, 27, '2017-04-28 06:24:04'),
(898, 10, 188, 43, 61, 25, 24, 10, '2017-04-28 06:24:04'),
(899, 10, 188, 43, 61, 25, 25, 10, '2017-04-28 06:24:04'),
(900, 10, 188, 43, 61, 25, 26, 10, '2017-04-28 06:24:04'),
(901, 10, 189, 43, 62, 27, 8, 27, '2017-04-28 06:24:04'),
(902, 10, 189, 43, 62, 27, 9, 27, '2017-04-28 06:24:04'),
(903, 10, 189, 43, 62, 27, 16, 27, '2017-04-28 06:24:04'),
(904, 10, 189, 43, 62, 27, 17, 27, '2017-04-28 06:24:04'),
(905, 10, 189, 43, 62, 27, 18, 27, '2017-04-28 06:24:04'),
(906, 10, 190, 43, 63, 20, 0, 10, '2017-04-28 06:24:04'),
(907, 10, 190, 43, 63, 20, 1, 10, '2017-04-28 06:24:04'),
(908, 10, 190, 43, 63, 20, 32, 11, '2017-04-28 06:24:04'),
(909, 10, 190, 43, 63, 20, 33, 11, '2017-04-28 06:24:04'),
(910, 10, 191, 43, 64, 24, 2, 10, '2017-04-28 06:24:05'),
(911, 10, 191, 43, 64, 24, 3, 10, '2017-04-28 06:24:05'),
(912, 10, 191, 43, 64, 24, 28, 27, '2017-04-28 06:24:05'),
(913, 10, 191, 43, 64, 24, 29, 27, '2017-04-28 06:24:05'),
(914, 10, 191, 43, 64, 24, 19, 11, '2017-04-28 06:24:05'),
(915, 10, 191, 43, 64, 24, 20, 11, '2017-04-28 06:24:05'),
(916, 10, 191, 43, 64, 24, 35, 10, '2017-04-28 06:24:05'),
(917, 10, 191, 43, 64, 24, 36, 10, '2017-04-28 06:24:05'),
(918, 10, 191, 43, 64, 24, 37, 10, '2017-04-28 06:24:05'),
(919, 10, 192, 43, 1, 1, 2, 26, '2017-04-28 06:24:05'),
(920, 10, 192, 43, 1, 1, 34, 26, '2017-04-28 06:24:05'),
(921, 10, 192, 43, 1, 1, 19, 26, '2017-04-28 06:24:05'),
(922, 10, 192, 43, 1, 1, 27, 26, '2017-04-28 06:24:05'),
(923, 10, 192, 43, 1, 1, 10, 26, '2017-04-28 06:24:05'),
(924, 10, 193, 40, 58, 27, 10, 25, '2017-04-28 06:24:05'),
(925, 10, 193, 40, 58, 27, 11, 25, '2017-04-28 06:24:05'),
(926, 10, 193, 40, 58, 27, 28, 25, '2017-04-28 06:24:05'),
(927, 10, 193, 40, 58, 27, 29, 25, '2017-04-28 06:24:05'),
(928, 10, 193, 40, 58, 27, 0, 25, '2017-04-28 06:24:05'),
(929, 10, 193, 40, 58, 27, 1, 25, '2017-04-28 06:24:05'),
(930, 10, 193, 40, 58, 27, 35, 25, '2017-04-28 06:24:06'),
(931, 10, 193, 40, 58, 27, 36, 25, '2017-04-28 06:24:06'),
(932, 10, 193, 40, 58, 27, 37, 25, '2017-04-28 06:24:06'),
(933, 10, 193, 40, 58, 27, 19, 25, '2017-04-28 06:24:06'),
(934, 10, 193, 40, 58, 27, 20, 25, '2017-04-28 06:24:06'),
(935, 10, 193, 40, 58, 27, 21, 25, '2017-04-28 06:24:06'),
(936, 10, 194, 40, 59, 26, 16, 11, '2017-04-28 06:24:06'),
(937, 10, 194, 40, 59, 26, 17, 11, '2017-04-28 06:24:06'),
(938, 10, 194, 40, 59, 26, 32, 27, '2017-04-28 06:24:06'),
(939, 10, 194, 40, 59, 26, 33, 27, '2017-04-28 06:24:06'),
(940, 10, 194, 40, 59, 26, 10, 11, '2017-04-28 06:24:06'),
(941, 10, 194, 40, 59, 26, 11, 11, '2017-04-28 06:24:06'),
(942, 10, 194, 40, 59, 26, 12, 11, '2017-04-28 06:24:06'),
(943, 10, 194, 40, 59, 26, 2, 11, '2017-04-28 06:24:06'),
(944, 10, 194, 40, 59, 26, 3, 11, '2017-04-28 06:24:06'),
(945, 10, 195, 40, 42, 39, 27, 1, '2017-04-28 06:24:06'),
(946, 10, 195, 40, 42, 39, 13, 2, '2017-04-28 06:24:06'),
(947, 10, 195, 40, 42, 39, 14, 2, '2017-04-28 06:24:06'),
(948, 10, 196, 40, 1, 1, 10, 26, '2017-04-28 06:24:06'),
(949, 10, 196, 40, 1, 1, 34, 26, '2017-04-28 06:24:07'),
(950, 10, 196, 40, 1, 1, 26, 26, '2017-04-28 06:24:07'),
(951, 10, 196, 40, 1, 1, 2, 26, '2017-04-28 06:24:07'),
(952, 10, 196, 40, 1, 1, 18, 26, '2017-04-28 06:24:07'),
(953, 10, 197, 34, 65, 20, 20, 27, '2017-04-28 06:24:07'),
(954, 10, 197, 34, 65, 20, 21, 27, '2017-04-28 06:24:07'),
(955, 10, 197, 34, 65, 20, 25, 27, '2017-04-28 06:24:07'),
(956, 10, 197, 34, 65, 20, 26, 27, '2017-04-28 06:24:07'),
(957, 10, 197, 34, 65, 20, 27, 27, '2017-04-28 06:24:07'),
(958, 10, 197, 34, 65, 20, 11, 10, '2017-04-28 06:24:07'),
(959, 10, 197, 34, 65, 20, 12, 10, '2017-04-28 06:24:07'),
(960, 10, 198, 34, 60, 25, 18, 10, '2017-04-28 06:24:07'),
(961, 10, 198, 34, 60, 25, 19, 10, '2017-04-28 06:24:07'),
(962, 10, 198, 34, 60, 25, 36, 11, '2017-04-28 06:24:07'),
(963, 10, 198, 34, 60, 25, 37, 11, '2017-04-28 06:24:07'),
(964, 10, 198, 34, 60, 25, 3, 27, '2017-04-28 06:24:07'),
(965, 10, 199, 34, 52, 5, 35, 22, '2017-04-28 06:24:07'),
(966, 10, 199, 34, 52, 5, 13, 22, '2017-04-28 06:24:07'),
(967, 10, 199, 34, 52, 5, 14, 22, '2017-04-28 06:24:07'),
(968, 10, 200, 34, 17, 64, 4, 1, '2017-04-28 06:24:07'),
(969, 10, 200, 34, 17, 64, 5, 1, '2017-04-28 06:24:08'),
(970, 10, 200, 34, 17, 64, 29, 5, '2017-04-28 06:24:08'),
(971, 10, 200, 34, 17, 64, 30, 5, '2017-04-28 06:24:08'),
(972, 10, 201, 34, 45, 60, 16, 24, '2017-04-28 06:24:08'),
(973, 10, 201, 34, 45, 60, 17, 24, '2017-04-28 06:24:08'),
(974, 10, 201, 34, 45, 60, 0, 24, '2017-04-28 06:24:08'),
(975, 10, 201, 34, 45, 60, 1, 24, '2017-04-28 06:24:08'),
(976, 10, 202, 34, 1, 1, 34, 26, '2017-04-28 06:24:08'),
(977, 10, 202, 34, 1, 1, 10, 26, '2017-04-28 06:24:08'),
(978, 10, 202, 34, 1, 1, 27, 26, '2017-04-28 06:24:08'),
(979, 10, 202, 34, 1, 1, 19, 26, '2017-04-28 06:24:08'),
(980, 10, 202, 34, 1, 1, 2, 26, '2017-04-28 06:24:08'),
(981, 10, 203, 31, 55, 20, 8, 10, '2017-04-28 06:24:08'),
(982, 10, 203, 31, 55, 20, 9, 10, '2017-04-28 06:24:08'),
(983, 10, 203, 31, 55, 20, 10, 10, '2017-04-28 06:24:08'),
(984, 10, 203, 31, 55, 20, 36, 27, '2017-04-28 06:24:08'),
(985, 10, 203, 31, 55, 20, 37, 27, '2017-04-28 06:24:08'),
(986, 10, 203, 31, 55, 20, 16, 10, '2017-04-28 06:24:08'),
(987, 10, 203, 31, 55, 20, 17, 10, '2017-04-28 06:24:08'),
(988, 10, 204, 31, 36, 62, 4, 9, '2017-04-28 06:24:08'),
(989, 10, 204, 31, 36, 62, 5, 9, '2017-04-28 06:24:09'),
(990, 10, 204, 31, 36, 62, 24, 9, '2017-04-28 06:24:09'),
(991, 10, 204, 31, 36, 62, 25, 9, '2017-04-28 06:24:09'),
(992, 10, 205, 31, 48, 43, 2, 1, '2017-04-28 06:24:09'),
(993, 10, 205, 31, 48, 43, 3, 1, '2017-04-28 06:24:09'),
(994, 10, 205, 31, 48, 43, 33, 3, '2017-04-28 06:24:09'),
(995, 10, 205, 31, 48, 43, 34, 3, '2017-04-28 06:24:09'),
(996, 10, 206, 31, 51, 16, 13, 1, '2017-04-28 06:24:09'),
(997, 10, 206, 31, 51, 16, 14, 1, '2017-04-28 06:24:09'),
(998, 10, 206, 31, 51, 16, 18, 5, '2017-04-28 06:24:09'),
(999, 10, 206, 31, 51, 16, 19, 5, '2017-04-28 06:24:09'),
(1000, 10, 207, 31, 53, 5, 38, 22, '2017-04-28 06:24:09'),
(1001, 10, 207, 31, 53, 5, 0, 22, '2017-04-28 06:24:11'),
(1002, 10, 207, 31, 53, 5, 1, 22, '2017-04-28 06:24:11'),
(1003, 10, 208, 31, 1, 1, 11, 26, '2017-04-28 06:24:11'),
(1004, 10, 208, 31, 1, 1, 3, 26, '2017-04-28 06:24:12'),
(1005, 10, 208, 31, 1, 1, 35, 26, '2017-04-28 06:24:12'),
(1006, 10, 208, 31, 1, 1, 27, 26, '2017-04-28 06:24:12'),
(1007, 10, 208, 31, 1, 1, 18, 26, '2017-04-28 06:24:12'),
(1008, 10, 209, 28, 33, 24, 16, 16, '2017-04-28 06:24:12'),
(1009, 10, 210, 28, 34, 26, 36, 27, '2017-04-28 06:24:12'),
(1010, 10, 210, 28, 34, 26, 37, 27, '2017-04-28 06:24:12'),
(1011, 10, 210, 28, 34, 26, 8, 11, '2017-04-28 06:24:12'),
(1012, 10, 210, 28, 34, 26, 9, 11, '2017-04-28 06:24:12'),
(1013, 10, 210, 28, 34, 26, 4, 10, '2017-04-28 06:24:12'),
(1014, 10, 210, 28, 34, 26, 5, 10, '2017-04-28 06:24:12'),
(1015, 10, 210, 28, 34, 26, 27, 11, '2017-04-28 06:24:12'),
(1016, 10, 210, 28, 34, 26, 28, 11, '2017-04-28 06:24:12'),
(1017, 10, 211, 28, 47, 28, 25, 5, '2017-04-28 06:24:12'),
(1018, 10, 211, 28, 47, 28, 26, 5, '2017-04-28 06:24:12'),
(1019, 10, 211, 28, 47, 28, 32, 2, '2017-04-28 06:24:12'),
(1020, 10, 211, 28, 47, 28, 33, 2, '2017-04-28 06:24:12'),
(1021, 10, 212, 28, 50, 16, 0, 3, '2017-04-28 06:24:13'),
(1022, 10, 212, 28, 50, 16, 1, 3, '2017-04-28 06:24:13'),
(1023, 10, 212, 28, 50, 16, 20, 3, '2017-04-28 06:24:13'),
(1024, 10, 212, 28, 50, 16, 21, 3, '2017-04-28 06:24:13'),
(1025, 10, 213, 28, 54, 37, 10, 22, '2017-04-28 06:24:13');
INSERT INTO `meeting` (`id`, `timetable_id`, `subject_class_id`, `trainee_group_id`, `subject_id`, `instructor_id`, `time_slot`, `room_id`, `timestamp`) VALUES
(1026, 10, 213, 28, 54, 37, 29, 22, '2017-04-28 06:24:13'),
(1027, 10, 213, 28, 54, 37, 30, 22, '2017-04-28 06:24:13'),
(1028, 10, 214, 28, 1, 1, 26, 26, '2017-04-28 06:24:13'),
(1029, 10, 214, 28, 1, 1, 3, 26, '2017-04-28 06:24:13'),
(1030, 10, 214, 28, 1, 1, 11, 26, '2017-04-28 06:24:13'),
(1031, 10, 214, 28, 1, 1, 35, 26, '2017-04-28 06:24:13'),
(1032, 10, 214, 28, 1, 1, 18, 26, '2017-04-28 06:24:13'),
(1033, 11, 215, 4, 3, 63, 20, 1, '2017-04-28 06:30:28'),
(1034, 11, 215, 4, 3, 63, 21, 1, '2017-04-28 06:30:28'),
(1035, 11, 215, 4, 3, 63, 32, 5, '2017-04-28 06:30:28'),
(1036, 11, 215, 4, 3, 63, 33, 5, '2017-04-28 06:30:28'),
(1037, 11, 215, 4, 3, 63, 1, 1, '2017-04-28 06:30:28'),
(1038, 11, 215, 4, 3, 63, 2, 1, '2017-04-28 06:30:28'),
(1039, 11, 216, 4, 5, 63, 28, 1, '2017-04-28 06:30:28'),
(1040, 11, 216, 4, 5, 63, 29, 1, '2017-04-28 06:30:28'),
(1041, 11, 216, 4, 5, 63, 4, 1, '2017-04-28 06:30:28'),
(1042, 11, 216, 4, 5, 63, 5, 1, '2017-04-28 06:30:28'),
(1043, 11, 216, 4, 5, 63, 16, 1, '2017-04-28 06:30:28'),
(1044, 11, 216, 4, 5, 63, 17, 1, '2017-04-28 06:30:28'),
(1045, 11, 217, 4, 46, 47, 35, 5, '2017-04-28 06:30:29'),
(1046, 11, 217, 4, 46, 47, 36, 5, '2017-04-28 06:30:29'),
(1047, 11, 217, 4, 46, 47, 24, 1, '2017-04-28 06:30:29'),
(1048, 11, 217, 4, 46, 47, 25, 1, '2017-04-28 06:30:29'),
(1049, 11, 218, 4, 53, 5, 29, 22, '2017-04-28 06:30:29'),
(1050, 11, 218, 4, 53, 5, 30, 22, '2017-04-28 06:30:29'),
(1051, 11, 218, 4, 53, 5, 10, 22, '2017-04-28 06:30:29'),
(1052, 11, 219, 4, 42, 63, 19, 1, '2017-04-28 06:30:29'),
(1053, 11, 219, 4, 42, 63, 37, 1, '2017-04-28 06:30:29'),
(1054, 11, 219, 4, 42, 63, 38, 1, '2017-04-28 06:30:29'),
(1055, 11, 220, 4, 1, 1, 3, 26, '2017-04-28 06:30:29'),
(1056, 11, 220, 4, 1, 1, 11, 26, '2017-04-28 06:30:29'),
(1057, 11, 220, 4, 1, 1, 34, 26, '2017-04-28 06:30:29'),
(1058, 11, 220, 4, 1, 1, 27, 26, '2017-04-28 06:30:29'),
(1059, 11, 220, 4, 1, 1, 18, 26, '2017-04-28 06:30:29'),
(1060, 11, 221, 7, 6, 51, 26, 2, '2017-04-28 06:30:29'),
(1061, 11, 221, 7, 6, 51, 27, 2, '2017-04-28 06:30:29'),
(1062, 11, 221, 7, 6, 51, 33, 2, '2017-04-28 06:30:29'),
(1063, 11, 221, 7, 6, 51, 34, 2, '2017-04-28 06:30:29'),
(1064, 11, 221, 7, 6, 51, 10, 2, '2017-04-28 06:30:29'),
(1065, 11, 221, 7, 6, 51, 11, 2, '2017-04-28 06:30:29'),
(1066, 11, 222, 7, 7, 51, 16, 5, '2017-04-28 06:30:29'),
(1067, 11, 222, 7, 7, 51, 17, 5, '2017-04-28 06:30:30'),
(1068, 11, 222, 7, 7, 51, 12, 2, '2017-04-28 06:30:30'),
(1069, 11, 222, 7, 7, 51, 13, 2, '2017-04-28 06:30:30'),
(1070, 11, 222, 7, 7, 51, 2, 3, '2017-04-28 06:30:30'),
(1071, 11, 222, 7, 7, 51, 3, 3, '2017-04-28 06:30:30'),
(1072, 11, 223, 7, 8, 51, 4, 25, '2017-04-28 06:30:30'),
(1073, 11, 223, 7, 8, 51, 5, 25, '2017-04-28 06:30:30'),
(1074, 11, 223, 7, 8, 51, 21, 25, '2017-04-28 06:30:30'),
(1075, 11, 223, 7, 8, 51, 22, 25, '2017-04-28 06:30:30'),
(1076, 11, 223, 7, 8, 51, 37, 25, '2017-04-28 06:30:30'),
(1077, 11, 223, 7, 8, 51, 38, 25, '2017-04-28 06:30:30'),
(1078, 11, 224, 7, 52, 5, 14, 22, '2017-04-28 06:30:30'),
(1079, 11, 224, 7, 52, 5, 0, 22, '2017-04-28 06:30:30'),
(1080, 11, 224, 7, 52, 5, 1, 22, '2017-04-28 06:30:30'),
(1081, 11, 225, 7, 1, 1, 19, 26, '2017-04-28 06:30:30'),
(1082, 11, 225, 7, 1, 1, 2, 26, '2017-04-28 06:30:30'),
(1083, 11, 225, 7, 1, 1, 11, 26, '2017-04-28 06:30:30'),
(1084, 11, 225, 7, 1, 1, 27, 26, '2017-04-28 06:30:30'),
(1085, 11, 225, 7, 1, 1, 35, 26, '2017-04-28 06:30:30'),
(1086, 11, 226, 13, 14, 51, 12, 1, '2017-04-28 06:30:30'),
(1087, 11, 226, 13, 14, 51, 13, 1, '2017-04-28 06:30:30'),
(1088, 11, 226, 13, 14, 51, 35, 3, '2017-04-28 06:30:31'),
(1089, 11, 226, 13, 14, 51, 36, 3, '2017-04-28 06:30:31'),
(1090, 11, 226, 13, 14, 51, 24, 2, '2017-04-28 06:30:31'),
(1091, 11, 226, 13, 14, 51, 25, 2, '2017-04-28 06:30:31'),
(1092, 11, 227, 13, 15, 39, 8, 5, '2017-04-28 06:30:31'),
(1093, 11, 227, 13, 15, 39, 9, 5, '2017-04-28 06:30:31'),
(1094, 11, 227, 13, 15, 39, 37, 5, '2017-04-28 06:30:31'),
(1095, 11, 227, 13, 15, 39, 38, 5, '2017-04-28 06:30:31'),
(1096, 11, 227, 13, 15, 39, 3, 5, '2017-04-28 06:30:31'),
(1097, 11, 227, 13, 15, 39, 4, 5, '2017-04-28 06:30:31'),
(1098, 11, 228, 13, 11, 39, 32, 2, '2017-04-28 06:30:31'),
(1099, 11, 228, 13, 11, 39, 33, 2, '2017-04-28 06:30:31'),
(1100, 11, 228, 13, 11, 39, 29, 3, '2017-04-28 06:30:31'),
(1101, 11, 228, 13, 11, 39, 30, 3, '2017-04-28 06:30:31'),
(1102, 11, 228, 13, 11, 39, 16, 3, '2017-04-28 06:30:31'),
(1103, 11, 228, 13, 11, 39, 17, 3, '2017-04-28 06:30:31'),
(1104, 11, 229, 13, 52, 5, 21, 22, '2017-04-28 06:30:31'),
(1105, 11, 229, 13, 52, 5, 22, 22, '2017-04-28 06:30:31'),
(1106, 11, 229, 13, 52, 5, 6, 22, '2017-04-28 06:30:31'),
(1107, 11, 230, 13, 1, 1, 18, 26, '2017-04-28 06:30:32'),
(1108, 11, 230, 13, 1, 1, 2, 26, '2017-04-28 06:30:32'),
(1109, 11, 230, 13, 1, 1, 11, 26, '2017-04-28 06:30:32'),
(1110, 11, 230, 13, 1, 1, 26, 26, '2017-04-28 06:30:32'),
(1111, 11, 230, 13, 1, 1, 34, 26, '2017-04-28 06:30:32'),
(1112, 11, 231, 55, 19, 21, 33, 9, '2017-04-28 06:30:32'),
(1113, 11, 231, 55, 19, 21, 34, 9, '2017-04-28 06:30:32'),
(1114, 11, 231, 55, 19, 21, 16, 9, '2017-04-28 06:30:32'),
(1115, 11, 231, 55, 19, 21, 17, 9, '2017-04-28 06:30:32'),
(1116, 11, 231, 55, 19, 21, 18, 9, '2017-04-28 06:30:32'),
(1117, 11, 231, 55, 19, 21, 27, 9, '2017-04-28 06:30:32'),
(1118, 11, 231, 55, 19, 21, 28, 9, '2017-04-28 06:30:32'),
(1119, 11, 232, 55, 20, 62, 35, 8, '2017-04-28 06:30:32'),
(1120, 11, 232, 55, 20, 62, 36, 8, '2017-04-28 06:30:32'),
(1121, 11, 232, 55, 20, 62, 3, 8, '2017-04-28 06:30:33'),
(1122, 11, 232, 55, 20, 62, 4, 8, '2017-04-28 06:30:33'),
(1123, 11, 232, 55, 20, 62, 8, 9, '2017-04-28 06:30:33'),
(1124, 11, 232, 55, 20, 62, 9, 9, '2017-04-28 06:30:33'),
(1125, 11, 232, 55, 20, 62, 10, 9, '2017-04-28 06:30:33'),
(1126, 11, 233, 55, 47, 28, 5, 3, '2017-04-28 06:30:33'),
(1127, 11, 233, 55, 47, 28, 6, 3, '2017-04-28 06:30:33'),
(1128, 11, 233, 55, 47, 28, 29, 2, '2017-04-28 06:30:33'),
(1129, 11, 233, 55, 47, 28, 30, 2, '2017-04-28 06:30:33'),
(1130, 11, 234, 55, 54, 37, 32, 22, '2017-04-28 06:30:33'),
(1131, 11, 234, 55, 54, 37, 2, 22, '2017-04-28 06:30:33'),
(1132, 11, 234, 55, 54, 37, 3, 22, '2017-04-28 06:30:33'),
(1133, 11, 235, 55, 45, 19, 37, 23, '2017-04-28 06:30:33'),
(1134, 11, 235, 55, 45, 19, 9, 23, '2017-04-28 06:30:33'),
(1135, 11, 235, 55, 45, 19, 0, 23, '2017-04-28 06:30:33'),
(1136, 11, 235, 55, 45, 19, 1, 23, '2017-04-28 06:30:33'),
(1137, 11, 236, 55, 1, 1, 26, 26, '2017-04-28 06:30:33'),
(1138, 11, 236, 55, 1, 1, 2, 26, '2017-04-28 06:30:33'),
(1139, 11, 236, 55, 1, 1, 11, 26, '2017-04-28 06:30:33'),
(1140, 11, 236, 55, 1, 1, 35, 26, '2017-04-28 06:30:34'),
(1141, 11, 236, 55, 1, 1, 19, 26, '2017-04-28 06:30:34'),
(1142, 11, 237, 61, 60, 21, 24, 9, '2017-04-28 06:30:34'),
(1143, 11, 237, 61, 60, 21, 25, 9, '2017-04-28 06:30:34'),
(1144, 11, 237, 61, 60, 21, 26, 9, '2017-04-28 06:30:34'),
(1145, 11, 237, 61, 60, 21, 10, 8, '2017-04-28 06:30:34'),
(1146, 11, 237, 61, 60, 21, 11, 8, '2017-04-28 06:30:34'),
(1147, 11, 238, 61, 27, 18, 2, 4, '2017-04-28 06:30:34'),
(1148, 11, 238, 61, 27, 18, 3, 4, '2017-04-28 06:30:34'),
(1149, 11, 238, 61, 27, 18, 4, 4, '2017-04-28 06:30:34'),
(1150, 11, 238, 61, 27, 18, 16, 4, '2017-04-28 06:30:34'),
(1151, 11, 238, 61, 27, 18, 17, 4, '2017-04-28 06:30:34'),
(1152, 11, 238, 61, 27, 18, 35, 4, '2017-04-28 06:30:34'),
(1153, 11, 238, 61, 27, 18, 36, 4, '2017-04-28 06:30:34'),
(1154, 11, 238, 61, 27, 18, 26, 4, '2017-04-28 06:30:34'),
(1155, 11, 238, 61, 27, 18, 27, 4, '2017-04-28 06:30:34'),
(1156, 11, 238, 61, 27, 18, 28, 4, '2017-04-28 06:30:34'),
(1157, 11, 239, 61, 28, 18, 10, 4, '2017-04-28 06:30:34'),
(1158, 11, 239, 61, 28, 18, 11, 4, '2017-04-28 06:30:35'),
(1159, 11, 239, 61, 28, 18, 12, 4, '2017-04-28 06:30:35'),
(1160, 11, 239, 61, 28, 18, 18, 4, '2017-04-28 06:30:35'),
(1161, 11, 239, 61, 28, 18, 19, 4, '2017-04-28 06:30:35'),
(1162, 11, 239, 61, 28, 18, 20, 4, '2017-04-28 06:30:35'),
(1163, 11, 239, 61, 28, 18, 32, 4, '2017-04-28 06:30:35'),
(1164, 11, 239, 61, 28, 18, 33, 4, '2017-04-28 06:30:35'),
(1165, 11, 239, 61, 28, 18, 34, 4, '2017-04-28 06:30:35'),
(1166, 11, 239, 61, 28, 18, 35, 4, '2017-04-28 06:30:35'),
(1167, 11, 240, 61, 52, 5, 8, 22, '2017-04-28 06:30:35'),
(1168, 11, 240, 61, 52, 5, 9, 22, '2017-04-28 06:30:35'),
(1169, 11, 240, 61, 52, 5, 19, 22, '2017-04-28 06:30:35'),
(1170, 11, 241, 61, 17, 14, 19, 5, '2017-04-28 06:30:35'),
(1171, 11, 241, 61, 17, 14, 20, 5, '2017-04-28 06:30:35'),
(1172, 11, 241, 61, 17, 14, 13, 5, '2017-04-28 06:30:35'),
(1173, 11, 241, 61, 17, 14, 14, 5, '2017-04-28 06:30:35'),
(1174, 11, 242, 61, 1, 1, 35, 26, '2017-04-28 06:30:35'),
(1175, 11, 242, 61, 1, 1, 19, 26, '2017-04-28 06:30:35'),
(1176, 11, 242, 61, 1, 1, 11, 26, '2017-04-28 06:30:35'),
(1177, 11, 242, 61, 1, 1, 26, 26, '2017-04-28 06:30:35'),
(1178, 11, 242, 61, 1, 1, 2, 26, '2017-04-28 06:30:36'),
(1179, 11, 243, 43, 61, 25, 16, 27, '2017-04-28 06:30:36'),
(1180, 11, 243, 43, 61, 25, 17, 27, '2017-04-28 06:30:36'),
(1181, 11, 243, 43, 61, 25, 3, 10, '2017-04-28 06:30:36'),
(1182, 11, 243, 43, 61, 25, 4, 10, '2017-04-28 06:30:36'),
(1183, 11, 243, 43, 61, 25, 24, 10, '2017-04-28 06:30:36'),
(1184, 11, 243, 43, 61, 25, 25, 10, '2017-04-28 06:30:36'),
(1185, 11, 243, 43, 61, 25, 26, 10, '2017-04-28 06:30:36'),
(1186, 11, 244, 43, 62, 27, 35, 11, '2017-04-28 06:30:36'),
(1187, 11, 244, 43, 62, 27, 36, 11, '2017-04-28 06:30:36'),
(1188, 11, 244, 43, 62, 27, 37, 11, '2017-04-28 06:30:36'),
(1189, 11, 244, 43, 62, 27, 4, 27, '2017-04-28 06:30:36'),
(1190, 11, 244, 43, 62, 27, 5, 27, '2017-04-28 06:30:36'),
(1191, 11, 245, 43, 63, 20, 20, 10, '2017-04-28 06:30:36'),
(1192, 11, 245, 43, 63, 20, 21, 10, '2017-04-28 06:30:36'),
(1193, 11, 245, 43, 63, 20, 10, 11, '2017-04-28 06:30:36'),
(1194, 11, 245, 43, 63, 20, 11, 11, '2017-04-28 06:30:36'),
(1195, 11, 246, 43, 64, 24, 12, 27, '2017-04-28 06:30:36'),
(1196, 11, 246, 43, 64, 24, 13, 27, '2017-04-28 06:30:36'),
(1197, 11, 246, 43, 64, 24, 27, 10, '2017-04-28 06:30:36'),
(1198, 11, 246, 43, 64, 24, 28, 10, '2017-04-28 06:30:37'),
(1199, 11, 246, 43, 64, 24, 0, 11, '2017-04-28 06:30:37'),
(1200, 11, 246, 43, 64, 24, 1, 11, '2017-04-28 06:30:37'),
(1201, 11, 246, 43, 64, 24, 32, 27, '2017-04-28 06:30:37'),
(1202, 11, 246, 43, 64, 24, 33, 27, '2017-04-28 06:30:37'),
(1203, 11, 246, 43, 64, 24, 34, 27, '2017-04-28 06:30:37'),
(1204, 11, 247, 43, 1, 1, 2, 26, '2017-04-28 06:30:37'),
(1205, 11, 247, 43, 1, 1, 34, 26, '2017-04-28 06:30:37'),
(1206, 11, 247, 43, 1, 1, 26, 26, '2017-04-28 06:30:37'),
(1207, 11, 247, 43, 1, 1, 18, 26, '2017-04-28 06:30:37'),
(1208, 11, 247, 43, 1, 1, 10, 26, '2017-04-28 06:30:37'),
(1209, 11, 248, 40, 58, 27, 32, 25, '2017-04-28 06:30:37'),
(1210, 11, 248, 40, 58, 27, 33, 25, '2017-04-28 06:30:37'),
(1211, 11, 248, 40, 58, 27, 8, 25, '2017-04-28 06:30:37'),
(1212, 11, 248, 40, 58, 27, 9, 25, '2017-04-28 06:30:37'),
(1213, 11, 248, 40, 58, 27, 10, 25, '2017-04-28 06:30:37'),
(1214, 11, 248, 40, 58, 27, 1, 25, '2017-04-28 06:30:37'),
(1215, 11, 248, 40, 58, 27, 2, 25, '2017-04-28 06:30:37'),
(1216, 11, 248, 40, 58, 27, 3, 25, '2017-04-28 06:30:37'),
(1217, 11, 248, 40, 58, 27, 16, 25, '2017-04-28 06:30:38'),
(1218, 11, 248, 40, 58, 27, 17, 25, '2017-04-28 06:30:38'),
(1219, 11, 248, 40, 58, 27, 27, 25, '2017-04-28 06:30:38'),
(1220, 11, 248, 40, 58, 27, 28, 25, '2017-04-28 06:30:38'),
(1221, 11, 249, 40, 59, 26, 19, 11, '2017-04-28 06:30:38'),
(1222, 11, 249, 40, 59, 26, 20, 11, '2017-04-28 06:30:38'),
(1223, 11, 249, 40, 59, 26, 24, 27, '2017-04-28 06:30:38'),
(1224, 11, 249, 40, 59, 26, 25, 27, '2017-04-28 06:30:38'),
(1225, 11, 249, 40, 59, 26, 26, 27, '2017-04-28 06:30:38'),
(1226, 11, 249, 40, 59, 26, 12, 11, '2017-04-28 06:30:38'),
(1227, 11, 249, 40, 59, 26, 13, 11, '2017-04-28 06:30:38'),
(1228, 11, 249, 40, 59, 26, 4, 11, '2017-04-28 06:30:38'),
(1229, 11, 249, 40, 59, 26, 5, 11, '2017-04-28 06:30:38'),
(1230, 11, 250, 40, 42, 39, 35, 2, '2017-04-28 06:30:38'),
(1231, 11, 250, 40, 42, 39, 36, 2, '2017-04-28 06:30:38'),
(1232, 11, 250, 40, 42, 39, 24, 5, '2017-04-28 06:30:38'),
(1233, 11, 251, 40, 1, 1, 18, 26, '2017-04-28 06:30:38'),
(1234, 11, 251, 40, 1, 1, 11, 26, '2017-04-28 06:30:38'),
(1235, 11, 251, 40, 1, 1, 34, 26, '2017-04-28 06:30:39'),
(1236, 11, 251, 40, 1, 1, 27, 26, '2017-04-28 06:30:39'),
(1237, 11, 251, 40, 1, 1, 2, 26, '2017-04-28 06:30:39'),
(1238, 11, 252, 34, 65, 20, 16, 10, '2017-04-28 06:30:39'),
(1239, 11, 252, 34, 65, 20, 17, 10, '2017-04-28 06:30:39'),
(1240, 11, 252, 34, 65, 20, 18, 10, '2017-04-28 06:30:39'),
(1241, 11, 252, 34, 65, 20, 25, 11, '2017-04-28 06:30:39'),
(1242, 11, 252, 34, 65, 20, 26, 11, '2017-04-28 06:30:39'),
(1243, 11, 252, 34, 65, 20, 36, 10, '2017-04-28 06:30:39'),
(1244, 11, 252, 34, 65, 20, 37, 10, '2017-04-28 06:30:39'),
(1245, 11, 253, 34, 60, 25, 8, 27, '2017-04-28 06:30:39'),
(1246, 11, 253, 34, 60, 25, 0, 27, '2017-04-28 06:30:39'),
(1247, 11, 253, 34, 60, 25, 1, 27, '2017-04-28 06:30:39'),
(1248, 11, 253, 34, 60, 25, 28, 27, '2017-04-28 06:30:39'),
(1249, 11, 253, 34, 60, 25, 29, 27, '2017-04-28 06:30:39'),
(1250, 11, 254, 34, 52, 5, 33, 22, '2017-04-28 06:30:39'),
(1251, 11, 254, 34, 52, 5, 34, 22, '2017-04-28 06:30:39'),
(1252, 11, 254, 34, 52, 5, 13, 22, '2017-04-28 06:30:39'),
(1253, 11, 255, 34, 17, 64, 3, 2, '2017-04-28 06:30:40'),
(1254, 11, 255, 34, 17, 64, 4, 2, '2017-04-28 06:30:40'),
(1255, 11, 255, 34, 17, 64, 14, 3, '2017-04-28 06:30:40'),
(1256, 11, 255, 34, 17, 64, 15, 3, '2017-04-28 06:30:40'),
(1257, 11, 256, 34, 45, 60, 5, 24, '2017-04-28 06:30:40'),
(1258, 11, 256, 34, 45, 60, 6, 24, '2017-04-28 06:30:40'),
(1259, 11, 256, 34, 45, 60, 9, 24, '2017-04-28 06:30:40'),
(1260, 11, 256, 34, 45, 60, 10, 24, '2017-04-28 06:30:40'),
(1261, 11, 257, 34, 1, 1, 11, 26, '2017-04-28 06:30:40'),
(1262, 11, 257, 34, 1, 1, 35, 26, '2017-04-28 06:30:40'),
(1263, 11, 257, 34, 1, 1, 2, 26, '2017-04-28 06:30:40'),
(1264, 11, 257, 34, 1, 1, 27, 26, '2017-04-28 06:30:40'),
(1265, 11, 257, 34, 1, 1, 19, 26, '2017-04-28 06:30:40'),
(1266, 11, 258, 31, 55, 20, 8, 10, '2017-04-28 06:30:40'),
(1267, 11, 258, 31, 55, 20, 9, 10, '2017-04-28 06:30:40'),
(1268, 11, 258, 31, 55, 20, 33, 10, '2017-04-28 06:30:40'),
(1269, 11, 258, 31, 55, 20, 34, 10, '2017-04-28 06:30:40'),
(1270, 11, 258, 31, 55, 20, 35, 10, '2017-04-28 06:30:40'),
(1271, 11, 258, 31, 55, 20, 4, 27, '2017-04-28 06:30:40'),
(1272, 11, 258, 31, 55, 20, 5, 27, '2017-04-28 06:30:41'),
(1273, 11, 259, 31, 36, 62, 11, 9, '2017-04-28 06:30:41'),
(1274, 11, 259, 31, 36, 62, 12, 9, '2017-04-28 06:30:41'),
(1275, 11, 259, 31, 36, 62, 16, 8, '2017-04-28 06:30:41'),
(1276, 11, 259, 31, 36, 62, 17, 8, '2017-04-28 06:30:41'),
(1277, 11, 260, 31, 48, 43, 1, 5, '2017-04-28 06:30:41'),
(1278, 11, 260, 31, 48, 43, 2, 5, '2017-04-28 06:30:41'),
(1279, 11, 260, 31, 48, 43, 20, 3, '2017-04-28 06:30:41'),
(1280, 11, 260, 31, 48, 43, 21, 3, '2017-04-28 06:30:41'),
(1281, 11, 261, 31, 51, 16, 29, 5, '2017-04-28 06:30:41'),
(1282, 11, 261, 31, 51, 16, 30, 5, '2017-04-28 06:30:41'),
(1283, 11, 261, 31, 51, 16, 8, 2, '2017-04-28 06:30:41'),
(1284, 11, 261, 31, 51, 16, 9, 2, '2017-04-28 06:30:41'),
(1285, 11, 262, 31, 53, 5, 37, 22, '2017-04-28 06:30:41'),
(1286, 11, 262, 31, 53, 5, 38, 22, '2017-04-28 06:30:41'),
(1287, 11, 262, 31, 53, 5, 27, 22, '2017-04-28 06:30:41'),
(1288, 11, 263, 31, 1, 1, 10, 26, '2017-04-28 06:30:41'),
(1289, 11, 263, 31, 1, 1, 34, 26, '2017-04-28 06:30:41'),
(1290, 11, 263, 31, 1, 1, 18, 26, '2017-04-28 06:30:42'),
(1291, 11, 263, 31, 1, 1, 3, 26, '2017-04-28 06:30:42'),
(1292, 11, 263, 31, 1, 1, 26, 26, '2017-04-28 06:30:42'),
(1293, 11, 264, 28, 33, 24, 8, 16, '2017-04-28 06:30:42'),
(1294, 11, 265, 28, 34, 26, 10, 10, '2017-04-28 06:30:42'),
(1295, 11, 265, 28, 34, 26, 11, 10, '2017-04-28 06:30:42'),
(1296, 11, 265, 28, 34, 26, 1, 10, '2017-04-28 06:30:42'),
(1297, 11, 265, 28, 34, 26, 2, 10, '2017-04-28 06:30:42'),
(1298, 11, 265, 28, 34, 26, 28, 10, '2017-04-28 06:30:42'),
(1299, 11, 265, 28, 34, 26, 29, 10, '2017-04-28 06:30:42'),
(1300, 11, 265, 28, 34, 26, 35, 27, '2017-04-28 06:30:42'),
(1301, 11, 265, 28, 34, 26, 36, 27, '2017-04-28 06:30:42'),
(1302, 11, 266, 28, 47, 28, 12, 3, '2017-04-28 06:30:42'),
(1303, 11, 266, 28, 47, 28, 13, 3, '2017-04-28 06:30:42'),
(1304, 11, 266, 28, 47, 28, 33, 1, '2017-04-28 06:30:42'),
(1305, 11, 266, 28, 47, 28, 34, 1, '2017-04-28 06:30:42'),
(1306, 11, 267, 28, 50, 16, 20, 2, '2017-04-28 06:30:42'),
(1307, 11, 267, 28, 50, 16, 21, 2, '2017-04-28 06:30:42'),
(1308, 11, 267, 28, 50, 16, 26, 3, '2017-04-28 06:30:42'),
(1309, 11, 267, 28, 50, 16, 27, 3, '2017-04-28 06:30:43'),
(1310, 11, 268, 28, 54, 37, 24, 22, '2017-04-28 06:30:43'),
(1311, 11, 268, 28, 54, 37, 25, 22, '2017-04-28 06:30:43'),
(1312, 11, 268, 28, 54, 37, 17, 22, '2017-04-28 06:30:43'),
(1313, 11, 269, 28, 1, 1, 35, 26, '2017-04-28 06:30:43'),
(1314, 11, 269, 28, 1, 1, 27, 26, '2017-04-28 06:30:43'),
(1315, 11, 269, 28, 1, 1, 18, 26, '2017-04-28 06:30:43'),
(1316, 11, 269, 28, 1, 1, 11, 26, '2017-04-28 06:30:43'),
(1317, 11, 269, 28, 1, 1, 3, 26, '2017-04-28 06:30:43'),
(1318, 12, 270, 4, 3, 63, 16, 2, '2017-04-28 06:36:21'),
(1319, 12, 270, 4, 3, 63, 17, 2, '2017-04-28 06:36:21'),
(1320, 12, 270, 4, 3, 63, 4, 2, '2017-04-28 06:36:21'),
(1321, 12, 270, 4, 3, 63, 5, 2, '2017-04-28 06:36:21'),
(1322, 12, 270, 4, 3, 63, 28, 5, '2017-04-28 06:36:21'),
(1323, 12, 270, 4, 3, 63, 29, 5, '2017-04-28 06:36:21'),
(1324, 12, 271, 4, 5, 63, 2, 1, '2017-04-28 06:36:21'),
(1325, 12, 271, 4, 5, 63, 3, 1, '2017-04-28 06:36:21'),
(1326, 12, 271, 4, 5, 63, 19, 5, '2017-04-28 06:36:21'),
(1327, 12, 271, 4, 5, 63, 20, 5, '2017-04-28 06:36:21'),
(1328, 12, 271, 4, 5, 63, 24, 3, '2017-04-28 06:36:21'),
(1329, 12, 271, 4, 5, 63, 25, 3, '2017-04-28 06:36:21'),
(1330, 12, 272, 4, 46, 47, 0, 3, '2017-04-28 06:36:21'),
(1331, 12, 272, 4, 46, 47, 1, 3, '2017-04-28 06:36:21'),
(1332, 12, 272, 4, 46, 47, 13, 5, '2017-04-28 06:36:21'),
(1333, 12, 272, 4, 46, 47, 14, 5, '2017-04-28 06:36:21'),
(1334, 12, 273, 4, 53, 5, 9, 22, '2017-04-28 06:36:22'),
(1335, 12, 273, 4, 53, 5, 10, 22, '2017-04-28 06:36:22'),
(1336, 12, 273, 4, 53, 5, 1, 22, '2017-04-28 06:36:22'),
(1337, 12, 274, 4, 42, 63, 32, 1, '2017-04-28 06:36:22'),
(1338, 12, 274, 4, 42, 63, 33, 1, '2017-04-28 06:36:22'),
(1339, 12, 274, 4, 42, 63, 8, 1, '2017-04-28 06:36:22'),
(1340, 12, 275, 4, 1, 1, 3, 26, '2017-04-28 06:36:22'),
(1341, 12, 275, 4, 1, 1, 18, 26, '2017-04-28 06:36:22'),
(1342, 12, 275, 4, 1, 1, 34, 26, '2017-04-28 06:36:22'),
(1343, 12, 275, 4, 1, 1, 26, 26, '2017-04-28 06:36:22'),
(1344, 12, 275, 4, 1, 1, 11, 26, '2017-04-28 06:36:22'),
(1345, 12, 276, 7, 6, 51, 5, 1, '2017-04-28 06:36:22'),
(1346, 12, 276, 7, 6, 51, 6, 1, '2017-04-28 06:36:22'),
(1347, 12, 276, 7, 6, 51, 24, 2, '2017-04-28 06:36:22'),
(1348, 12, 276, 7, 6, 51, 25, 2, '2017-04-28 06:36:22'),
(1349, 12, 276, 7, 6, 51, 21, 5, '2017-04-28 06:36:22'),
(1350, 12, 276, 7, 6, 51, 22, 5, '2017-04-28 06:36:22'),
(1351, 12, 277, 7, 7, 51, 3, 5, '2017-04-28 06:36:22'),
(1352, 12, 277, 7, 7, 51, 4, 5, '2017-04-28 06:36:23'),
(1353, 12, 277, 7, 7, 51, 18, 1, '2017-04-28 06:36:23'),
(1354, 12, 277, 7, 7, 51, 19, 1, '2017-04-28 06:36:23'),
(1355, 12, 277, 7, 7, 51, 35, 5, '2017-04-28 06:36:23'),
(1356, 12, 277, 7, 7, 51, 36, 5, '2017-04-28 06:36:23'),
(1357, 12, 278, 7, 8, 51, 37, 25, '2017-04-28 06:36:23'),
(1358, 12, 278, 7, 8, 51, 38, 25, '2017-04-28 06:36:23'),
(1359, 12, 278, 7, 8, 51, 0, 25, '2017-04-28 06:36:23'),
(1360, 12, 278, 7, 8, 51, 1, 25, '2017-04-28 06:36:23'),
(1361, 12, 278, 7, 8, 51, 8, 25, '2017-04-28 06:36:23'),
(1362, 12, 278, 7, 8, 51, 9, 25, '2017-04-28 06:36:23'),
(1363, 12, 279, 7, 52, 5, 32, 22, '2017-04-28 06:36:23'),
(1364, 12, 279, 7, 52, 5, 33, 22, '2017-04-28 06:36:23'),
(1365, 12, 279, 7, 52, 5, 16, 22, '2017-04-28 06:36:23'),
(1366, 12, 280, 7, 1, 1, 26, 26, '2017-04-28 06:36:23'),
(1367, 12, 280, 7, 1, 1, 2, 26, '2017-04-28 06:36:23'),
(1368, 12, 280, 7, 1, 1, 18, 26, '2017-04-28 06:36:23'),
(1369, 12, 280, 7, 1, 1, 10, 26, '2017-04-28 06:36:23'),
(1370, 12, 280, 7, 1, 1, 34, 26, '2017-04-28 06:36:24'),
(1371, 12, 281, 13, 14, 51, 11, 2, '2017-04-28 06:36:24'),
(1372, 12, 281, 13, 14, 51, 12, 2, '2017-04-28 06:36:24'),
(1373, 12, 281, 13, 14, 51, 29, 3, '2017-04-28 06:36:24'),
(1374, 12, 281, 13, 14, 51, 30, 3, '2017-04-28 06:36:24'),
(1375, 12, 281, 13, 14, 51, 1, 5, '2017-04-28 06:36:24'),
(1376, 12, 281, 13, 14, 51, 2, 5, '2017-04-28 06:36:24'),
(1377, 12, 282, 13, 15, 39, 4, 1, '2017-04-28 06:36:24'),
(1378, 12, 282, 13, 15, 39, 5, 1, '2017-04-28 06:36:24'),
(1379, 12, 282, 13, 15, 39, 32, 5, '2017-04-28 06:36:24'),
(1380, 12, 282, 13, 15, 39, 33, 5, '2017-04-28 06:36:24'),
(1381, 12, 282, 13, 15, 39, 21, 2, '2017-04-28 06:36:24'),
(1382, 12, 282, 13, 15, 39, 22, 2, '2017-04-28 06:36:24'),
(1383, 12, 283, 13, 11, 39, 27, 1, '2017-04-28 06:36:24'),
(1384, 12, 283, 13, 11, 39, 28, 1, '2017-04-28 06:36:24'),
(1385, 12, 283, 13, 11, 39, 16, 1, '2017-04-28 06:36:24'),
(1386, 12, 283, 13, 11, 39, 17, 1, '2017-04-28 06:36:24'),
(1387, 12, 283, 13, 11, 39, 13, 3, '2017-04-28 06:36:24'),
(1388, 12, 283, 13, 11, 39, 14, 3, '2017-04-28 06:36:25'),
(1389, 12, 284, 13, 52, 5, 36, 22, '2017-04-28 06:36:25'),
(1390, 12, 284, 13, 52, 5, 37, 22, '2017-04-28 06:36:25'),
(1391, 12, 284, 13, 52, 5, 3, 22, '2017-04-28 06:36:25'),
(1392, 12, 285, 13, 1, 1, 34, 26, '2017-04-28 06:36:25'),
(1393, 12, 285, 13, 1, 1, 26, 26, '2017-04-28 06:36:25'),
(1394, 12, 285, 13, 1, 1, 10, 26, '2017-04-28 06:36:25'),
(1395, 12, 285, 13, 1, 1, 19, 26, '2017-04-28 06:36:25'),
(1396, 12, 285, 13, 1, 1, 3, 26, '2017-04-28 06:36:25'),
(1397, 12, 286, 55, 19, 21, 8, 8, '2017-04-28 06:36:25'),
(1398, 12, 286, 55, 19, 21, 9, 8, '2017-04-28 06:36:25'),
(1399, 12, 286, 55, 19, 21, 25, 8, '2017-04-28 06:36:25'),
(1400, 12, 286, 55, 19, 21, 26, 8, '2017-04-28 06:36:25'),
(1401, 12, 286, 55, 19, 21, 27, 8, '2017-04-28 06:36:25'),
(1402, 12, 286, 55, 19, 21, 19, 8, '2017-04-28 06:36:25'),
(1403, 12, 286, 55, 19, 21, 20, 8, '2017-04-28 06:36:25'),
(1404, 12, 287, 55, 20, 62, 16, 9, '2017-04-28 06:36:25'),
(1405, 12, 287, 55, 20, 62, 17, 9, '2017-04-28 06:36:25'),
(1406, 12, 287, 55, 20, 62, 32, 9, '2017-04-28 06:36:26'),
(1407, 12, 287, 55, 20, 62, 33, 9, '2017-04-28 06:36:26'),
(1408, 12, 287, 55, 20, 62, 2, 8, '2017-04-28 06:36:26'),
(1409, 12, 287, 55, 20, 62, 3, 8, '2017-04-28 06:36:26'),
(1410, 12, 287, 55, 20, 62, 4, 8, '2017-04-28 06:36:26'),
(1411, 12, 288, 55, 47, 28, 35, 1, '2017-04-28 06:36:26'),
(1412, 12, 288, 55, 47, 28, 36, 1, '2017-04-28 06:36:26'),
(1413, 12, 288, 55, 47, 28, 9, 5, '2017-04-28 06:36:26'),
(1414, 12, 288, 55, 47, 28, 10, 5, '2017-04-28 06:36:26'),
(1415, 12, 289, 55, 54, 37, 38, 22, '2017-04-28 06:36:26'),
(1416, 12, 289, 55, 54, 37, 29, 22, '2017-04-28 06:36:26'),
(1417, 12, 289, 55, 54, 37, 30, 22, '2017-04-28 06:36:26'),
(1418, 12, 290, 55, 45, 19, 12, 23, '2017-04-28 06:36:26'),
(1419, 12, 290, 55, 45, 19, 13, 23, '2017-04-28 06:36:26'),
(1420, 12, 290, 55, 45, 19, 0, 23, '2017-04-28 06:36:26'),
(1421, 12, 290, 55, 45, 19, 21, 23, '2017-04-28 06:36:26'),
(1422, 12, 291, 55, 1, 1, 11, 26, '2017-04-28 06:36:27'),
(1423, 12, 291, 55, 1, 1, 34, 26, '2017-04-28 06:36:27'),
(1424, 12, 291, 55, 1, 1, 26, 26, '2017-04-28 06:36:27'),
(1425, 12, 291, 55, 1, 1, 18, 26, '2017-04-28 06:36:27'),
(1426, 12, 291, 55, 1, 1, 2, 26, '2017-04-28 06:36:27'),
(1427, 12, 292, 61, 60, 21, 0, 9, '2017-04-28 06:36:27'),
(1428, 12, 292, 61, 60, 21, 1, 9, '2017-04-28 06:36:27'),
(1429, 12, 292, 61, 60, 21, 34, 9, '2017-04-28 06:36:27'),
(1430, 12, 292, 61, 60, 21, 35, 9, '2017-04-28 06:36:27'),
(1431, 12, 292, 61, 60, 21, 36, 9, '2017-04-28 06:36:27'),
(1432, 12, 293, 61, 27, 18, 24, 4, '2017-04-28 06:36:27'),
(1433, 12, 293, 61, 27, 18, 25, 4, '2017-04-28 06:36:27'),
(1434, 12, 293, 61, 27, 18, 26, 4, '2017-04-28 06:36:27'),
(1435, 12, 293, 61, 27, 18, 9, 4, '2017-04-28 06:36:27'),
(1436, 12, 293, 61, 27, 18, 10, 4, '2017-04-28 06:36:28'),
(1437, 12, 293, 61, 27, 18, 11, 4, '2017-04-28 06:36:28'),
(1438, 12, 293, 61, 27, 18, 34, 4, '2017-04-28 06:36:28'),
(1439, 12, 293, 61, 27, 18, 35, 4, '2017-04-28 06:36:28'),
(1440, 12, 293, 61, 27, 18, 19, 4, '2017-04-28 06:36:28'),
(1441, 12, 293, 61, 27, 18, 20, 4, '2017-04-28 06:36:28'),
(1442, 12, 294, 61, 28, 18, 16, 4, '2017-04-28 06:36:28'),
(1443, 12, 294, 61, 28, 18, 17, 4, '2017-04-28 06:36:28'),
(1444, 12, 294, 61, 28, 18, 18, 4, '2017-04-28 06:36:28'),
(1445, 12, 294, 61, 28, 18, 1, 4, '2017-04-28 06:36:28'),
(1446, 12, 294, 61, 28, 18, 2, 4, '2017-04-28 06:36:28'),
(1447, 12, 294, 61, 28, 18, 3, 4, '2017-04-28 06:36:28'),
(1448, 12, 294, 61, 28, 18, 4, 4, '2017-04-28 06:36:28'),
(1449, 12, 294, 61, 28, 18, 32, 4, '2017-04-28 06:36:28'),
(1450, 12, 294, 61, 28, 18, 33, 4, '2017-04-28 06:36:29'),
(1451, 12, 294, 61, 28, 18, 34, 4, '2017-04-28 06:36:29'),
(1452, 12, 295, 61, 52, 5, 8, 22, '2017-04-28 06:36:29'),
(1453, 12, 295, 61, 52, 5, 4, 22, '2017-04-28 06:36:29'),
(1454, 12, 295, 61, 52, 5, 5, 22, '2017-04-28 06:36:29'),
(1455, 12, 296, 61, 17, 14, 12, 2, '2017-04-28 06:36:29'),
(1456, 12, 296, 61, 17, 14, 13, 2, '2017-04-28 06:36:29'),
(1457, 12, 296, 61, 17, 14, 21, 1, '2017-04-28 06:36:29'),
(1458, 12, 296, 61, 17, 14, 22, 1, '2017-04-28 06:36:29'),
(1459, 12, 297, 61, 1, 1, 11, 26, '2017-04-28 06:36:29'),
(1460, 12, 297, 61, 1, 1, 35, 26, '2017-04-28 06:36:29'),
(1461, 12, 297, 61, 1, 1, 27, 26, '2017-04-28 06:36:29'),
(1462, 12, 297, 61, 1, 1, 2, 26, '2017-04-28 06:36:29'),
(1463, 12, 297, 61, 1, 1, 19, 26, '2017-04-28 06:36:29'),
(1464, 12, 298, 43, 61, 25, 32, 27, '2017-04-28 06:36:29'),
(1465, 12, 298, 43, 61, 25, 33, 27, '2017-04-28 06:36:30'),
(1466, 12, 298, 43, 61, 25, 27, 11, '2017-04-28 06:36:30'),
(1467, 12, 298, 43, 61, 25, 28, 11, '2017-04-28 06:36:30'),
(1468, 12, 298, 43, 61, 25, 29, 11, '2017-04-28 06:36:30'),
(1469, 12, 298, 43, 61, 25, 2, 11, '2017-04-28 06:36:30'),
(1470, 12, 298, 43, 61, 25, 3, 11, '2017-04-28 06:36:30'),
(1471, 12, 299, 43, 62, 27, 0, 27, '2017-04-28 06:36:30'),
(1472, 12, 299, 43, 62, 27, 1, 27, '2017-04-28 06:36:30'),
(1473, 12, 299, 43, 62, 27, 2, 27, '2017-04-28 06:36:30'),
(1474, 12, 299, 43, 62, 27, 16, 27, '2017-04-28 06:36:30'),
(1475, 12, 299, 43, 62, 27, 17, 27, '2017-04-28 06:36:30'),
(1476, 12, 300, 43, 63, 20, 36, 11, '2017-04-28 06:36:30'),
(1477, 12, 300, 43, 63, 20, 37, 11, '2017-04-28 06:36:30'),
(1478, 12, 300, 43, 63, 20, 11, 11, '2017-04-28 06:36:30'),
(1479, 12, 300, 43, 63, 20, 12, 11, '2017-04-28 06:36:30'),
(1480, 12, 301, 43, 64, 24, 8, 27, '2017-04-28 06:36:30'),
(1481, 12, 301, 43, 64, 24, 9, 27, '2017-04-28 06:36:30'),
(1482, 12, 301, 43, 64, 24, 4, 11, '2017-04-28 06:36:31'),
(1483, 12, 301, 43, 64, 24, 5, 11, '2017-04-28 06:36:31'),
(1484, 12, 301, 43, 64, 24, 19, 27, '2017-04-28 06:36:31'),
(1485, 12, 301, 43, 64, 24, 20, 27, '2017-04-28 06:36:31'),
(1486, 12, 301, 43, 64, 24, 21, 27, '2017-04-28 06:36:31'),
(1487, 12, 301, 43, 64, 24, 24, 27, '2017-04-28 06:36:31'),
(1488, 12, 301, 43, 64, 24, 25, 27, '2017-04-28 06:36:31'),
(1489, 12, 302, 43, 1, 1, 26, 26, '2017-04-28 06:36:31'),
(1490, 12, 302, 43, 1, 1, 3, 26, '2017-04-28 06:36:31'),
(1491, 12, 302, 43, 1, 1, 35, 26, '2017-04-28 06:36:31'),
(1492, 12, 302, 43, 1, 1, 18, 26, '2017-04-28 06:36:31'),
(1493, 12, 302, 43, 1, 1, 10, 26, '2017-04-28 06:36:31'),
(1494, 12, 303, 40, 58, 27, 32, 25, '2017-04-28 06:36:31'),
(1495, 12, 303, 40, 58, 27, 33, 25, '2017-04-28 06:36:31'),
(1496, 12, 303, 40, 58, 27, 34, 25, '2017-04-28 06:36:31'),
(1497, 12, 303, 40, 58, 27, 4, 25, '2017-04-28 06:36:31'),
(1498, 12, 303, 40, 58, 27, 5, 25, '2017-04-28 06:36:31'),
(1499, 12, 303, 40, 58, 27, 26, 25, '2017-04-28 06:36:31'),
(1500, 12, 303, 40, 58, 27, 27, 25, '2017-04-28 06:36:32'),
(1501, 12, 303, 40, 58, 27, 28, 25, '2017-04-28 06:36:32'),
(1502, 12, 303, 40, 58, 27, 12, 25, '2017-04-28 06:36:32'),
(1503, 12, 303, 40, 58, 27, 13, 25, '2017-04-28 06:36:32'),
(1504, 12, 303, 40, 58, 27, 20, 25, '2017-04-28 06:36:32'),
(1505, 12, 303, 40, 58, 27, 21, 25, '2017-04-28 06:36:32'),
(1506, 12, 304, 40, 59, 26, 10, 11, '2017-04-28 06:36:32'),
(1507, 12, 304, 40, 59, 26, 11, 11, '2017-04-28 06:36:32'),
(1508, 12, 304, 40, 59, 26, 2, 10, '2017-04-28 06:36:32'),
(1509, 12, 304, 40, 59, 26, 3, 10, '2017-04-28 06:36:32'),
(1510, 12, 304, 40, 59, 26, 19, 10, '2017-04-28 06:36:32'),
(1511, 12, 304, 40, 59, 26, 20, 10, '2017-04-28 06:36:32'),
(1512, 12, 304, 40, 59, 26, 24, 10, '2017-04-28 06:36:32'),
(1513, 12, 304, 40, 59, 26, 25, 10, '2017-04-28 06:36:32'),
(1514, 12, 304, 40, 59, 26, 26, 10, '2017-04-28 06:36:32'),
(1515, 12, 305, 40, 42, 39, 38, 5, '2017-04-28 06:36:32'),
(1516, 12, 305, 40, 42, 39, 0, 5, '2017-04-28 06:36:32'),
(1517, 12, 305, 40, 42, 39, 1, 5, '2017-04-28 06:36:33'),
(1518, 12, 306, 40, 1, 1, 27, 26, '2017-04-28 06:36:33'),
(1519, 12, 306, 40, 1, 1, 11, 26, '2017-04-28 06:36:33'),
(1520, 12, 306, 40, 1, 1, 18, 26, '2017-04-28 06:36:33'),
(1521, 12, 306, 40, 1, 1, 35, 26, '2017-04-28 06:36:33'),
(1522, 12, 306, 40, 1, 1, 2, 26, '2017-04-28 06:36:33'),
(1523, 12, 307, 34, 65, 20, 16, 10, '2017-04-28 06:36:33'),
(1524, 12, 307, 34, 65, 20, 17, 10, '2017-04-28 06:36:33'),
(1525, 12, 307, 34, 65, 20, 32, 11, '2017-04-28 06:36:33'),
(1526, 12, 307, 34, 65, 20, 33, 11, '2017-04-28 06:36:33'),
(1527, 12, 307, 34, 65, 20, 34, 11, '2017-04-28 06:36:33'),
(1528, 12, 307, 34, 65, 20, 25, 11, '2017-04-28 06:36:33'),
(1529, 12, 307, 34, 65, 20, 26, 11, '2017-04-28 06:36:33'),
(1530, 12, 308, 34, 60, 25, 4, 11, '2017-04-28 06:36:33'),
(1531, 12, 308, 34, 60, 25, 35, 27, '2017-04-28 06:36:33'),
(1532, 12, 308, 34, 60, 25, 36, 27, '2017-04-28 06:36:33'),
(1533, 12, 308, 34, 60, 25, 8, 10, '2017-04-28 06:36:33'),
(1534, 12, 308, 34, 60, 25, 9, 10, '2017-04-28 06:36:34'),
(1535, 12, 309, 34, 52, 5, 12, 22, '2017-04-28 06:36:34'),
(1536, 12, 309, 34, 52, 5, 13, 22, '2017-04-28 06:36:34'),
(1537, 12, 309, 34, 52, 5, 6, 22, '2017-04-28 06:36:34'),
(1538, 12, 310, 34, 17, 64, 37, 1, '2017-04-28 06:36:34'),
(1539, 12, 310, 34, 17, 64, 38, 1, '2017-04-28 06:36:34'),
(1540, 12, 310, 34, 17, 64, 22, 3, '2017-04-28 06:36:34'),
(1541, 12, 310, 34, 17, 64, 23, 3, '2017-04-28 06:36:34'),
(1542, 12, 311, 34, 45, 60, 0, 24, '2017-04-28 06:36:34'),
(1543, 12, 311, 34, 45, 60, 1, 24, '2017-04-28 06:36:34'),
(1544, 12, 311, 34, 45, 60, 19, 24, '2017-04-28 06:36:34'),
(1545, 12, 311, 34, 45, 60, 20, 24, '2017-04-28 06:36:34'),
(1546, 12, 312, 34, 1, 1, 18, 26, '2017-04-28 06:36:34'),
(1547, 12, 312, 34, 1, 1, 11, 26, '2017-04-28 06:36:34'),
(1548, 12, 312, 34, 1, 1, 2, 26, '2017-04-28 06:36:34'),
(1549, 12, 312, 34, 1, 1, 27, 26, '2017-04-28 06:36:35'),
(1550, 12, 312, 34, 1, 1, 34, 26, '2017-04-28 06:36:35'),
(1551, 12, 313, 31, 55, 20, 1, 27, '2017-04-28 06:36:35'),
(1552, 12, 313, 31, 55, 20, 2, 27, '2017-04-28 06:36:35'),
(1553, 12, 313, 31, 55, 20, 19, 11, '2017-04-28 06:36:35'),
(1554, 12, 313, 31, 55, 20, 20, 11, '2017-04-28 06:36:35'),
(1555, 12, 313, 31, 55, 20, 8, 11, '2017-04-28 06:36:35'),
(1556, 12, 313, 31, 55, 20, 9, 11, '2017-04-28 06:36:35'),
(1557, 12, 313, 31, 55, 20, 10, 11, '2017-04-28 06:36:35'),
(1558, 12, 314, 31, 36, 62, 36, 8, '2017-04-28 06:36:35'),
(1559, 12, 314, 31, 36, 62, 37, 8, '2017-04-28 06:36:35'),
(1560, 12, 314, 31, 36, 62, 28, 8, '2017-04-28 06:36:35'),
(1561, 12, 314, 31, 36, 62, 29, 8, '2017-04-28 06:36:35'),
(1562, 12, 315, 31, 48, 43, 33, 3, '2017-04-28 06:36:35'),
(1563, 12, 315, 31, 48, 43, 34, 3, '2017-04-28 06:36:35'),
(1564, 12, 315, 31, 48, 43, 25, 5, '2017-04-28 06:36:35'),
(1565, 12, 315, 31, 48, 43, 26, 5, '2017-04-28 06:36:36'),
(1566, 12, 316, 31, 51, 16, 12, 5, '2017-04-28 06:36:36'),
(1567, 12, 316, 31, 51, 16, 13, 5, '2017-04-28 06:36:36'),
(1568, 12, 316, 31, 51, 16, 5, 5, '2017-04-28 06:36:36'),
(1569, 12, 316, 31, 51, 16, 6, 5, '2017-04-28 06:36:36'),
(1570, 12, 317, 31, 53, 5, 11, 22, '2017-04-28 06:36:36'),
(1571, 12, 317, 31, 53, 5, 21, 22, '2017-04-28 06:36:36'),
(1572, 12, 317, 31, 53, 5, 22, 22, '2017-04-28 06:36:36'),
(1573, 12, 318, 31, 1, 1, 10, 26, '2017-04-28 06:36:36'),
(1574, 12, 318, 31, 1, 1, 35, 26, '2017-04-28 06:36:36'),
(1575, 12, 318, 31, 1, 1, 3, 26, '2017-04-28 06:36:36'),
(1576, 12, 318, 31, 1, 1, 27, 26, '2017-04-28 06:36:36'),
(1577, 12, 318, 31, 1, 1, 18, 26, '2017-04-28 06:36:36'),
(1578, 12, 319, 28, 33, 24, 2, 16, '2017-04-28 06:36:36'),
(1579, 12, 320, 28, 34, 26, 16, 11, '2017-04-28 06:36:36'),
(1580, 12, 320, 28, 34, 26, 17, 11, '2017-04-28 06:36:36'),
(1581, 12, 320, 28, 34, 26, 4, 10, '2017-04-28 06:36:37'),
(1582, 12, 320, 28, 34, 26, 5, 10, '2017-04-28 06:36:37'),
(1583, 12, 320, 28, 34, 26, 8, 27, '2017-04-28 06:36:37'),
(1584, 12, 320, 28, 34, 26, 9, 27, '2017-04-28 06:36:37'),
(1585, 12, 320, 28, 34, 26, 27, 10, '2017-04-28 06:36:37'),
(1586, 12, 320, 28, 34, 26, 28, 10, '2017-04-28 06:36:37'),
(1587, 12, 321, 28, 47, 28, 37, 2, '2017-04-28 06:36:37'),
(1588, 12, 321, 28, 47, 28, 38, 2, '2017-04-28 06:36:37'),
(1589, 12, 321, 28, 47, 28, 20, 3, '2017-04-28 06:36:37'),
(1590, 12, 321, 28, 47, 28, 21, 3, '2017-04-28 06:36:37'),
(1591, 12, 322, 28, 50, 16, 0, 2, '2017-04-28 06:36:37'),
(1592, 12, 322, 28, 50, 16, 1, 2, '2017-04-28 06:36:37'),
(1593, 12, 322, 28, 50, 16, 32, 2, '2017-04-28 06:36:37'),
(1594, 12, 322, 28, 50, 16, 33, 2, '2017-04-28 06:36:37'),
(1595, 12, 323, 28, 54, 37, 24, 22, '2017-04-28 06:36:37'),
(1596, 12, 323, 28, 54, 37, 19, 22, '2017-04-28 06:36:37'),
(1597, 12, 323, 28, 54, 37, 20, 22, '2017-04-28 06:36:37'),
(1598, 12, 324, 28, 1, 1, 26, 26, '2017-04-28 06:36:38'),
(1599, 12, 324, 28, 1, 1, 11, 26, '2017-04-28 06:36:38'),
(1600, 12, 324, 28, 1, 1, 34, 26, '2017-04-28 06:36:38'),
(1601, 12, 324, 28, 1, 1, 18, 26, '2017-04-28 06:36:38'),
(1602, 12, 324, 28, 1, 1, 3, 26, '2017-04-28 06:36:38');

-- --------------------------------------------------------

--
-- Table structure for table `posts`
--

CREATE TABLE `posts` (
  `id` int(11) NOT NULL,
  `title` varchar(128) COLLATE utf8_unicode_ci NOT NULL,
  `content` text COLLATE utf8_unicode_ci NOT NULL,
  `created_at` timestamp NOT NULL DEFAULT CURRENT_TIMESTAMP
) ENGINE=InnoDB DEFAULT CHARSET=utf8 COLLATE=utf8_unicode_ci;

--
-- Dumping data for table `posts`
--

INSERT INTO `posts` (`id`, `title`, `content`, `created_at`) VALUES
(1, 'insert', 'this is insertinsertinsert', '2017-03-17 04:27:32'),
(2, 'insert', 'this is insertinsertinsert', '2017-03-17 04:29:51'),
(3, 'insert', 'this is insertinsertinsert', '2017-03-17 04:35:48'),
(4, 'insert', 'this is insertinsertinsert', '2017-03-17 04:58:28'),
(5, 'insert', 'this is insertinsertinsert', '2017-03-17 04:58:44'),
(6, 'update', 'updateupdate 646464 ', '2017-03-17 04:59:41');

-- --------------------------------------------------------

--
-- Table structure for table `room`
--

CREATE TABLE `room` (
  `id` int(4) NOT NULL,
  `name` varchar(50) NOT NULL,
  `type` int(4) DEFAULT NULL,
  `location` varchar(100) DEFAULT NULL,
  `description` varchar(100) DEFAULT NULL
) ENGINE=InnoDB DEFAULT CHARSET=utf8;

--
-- Dumping data for table `room`
--

INSERT INTO `room` (`id`, `name`, `type`, `location`, `description`) VALUES
(1, 'Room 1', 1, 'Bldg 1', 'Regular classroom'),
(2, 'Room 2', 1, 'Bldg 1', 'Regular classroom'),
(3, 'Room 3', 1, 'Main Building', 'Regular classroom'),
(4, 'Room 4', 13, 'Main Building', 'Dedicated room for ELX lecture classes'),
(5, 'Room 5', 1, 'Main Building', 'Regular classroom'),
(6, 'Mecha WRKSHOP 1', 3, 'Main Building', 'Mechatronics workshop'),
(7, 'Mecha WRKSHOP 2', 3, 'Main Building', 'Mechatronics workshop'),
(8, 'ELX WRKSHOP 1', 6, 'Main Building', 'Electronics workshop'),
(9, 'ELX WRKSHOP 2', 6, 'Main Building', 'Electronics workshop'),
(10, 'ELC WRKSHOP 1', 7, 'Main Building', 'Electrical workshop'),
(11, 'ELC WRKSHOP 2', 7, 'Main Building', 'Electrical workshop'),
(12, 'WLD WRKSHOP 1', 4, 'Main Building', 'Welding & Fabrication workshop'),
(13, 'WLD WRKSHOP 2', 4, 'Main Building', 'Welding & Fabrication workshop'),
(14, 'RAC WRKSHOP 1', 5, 'Main Building', 'RAC workshop'),
(15, 'RAC WRKSHOP 2', 5, 'Main Building', 'RAC workshop'),
(16, 'ELC Classroom 1', 12, 'Main Building', '	Dedicated room for ELC lecture classes'),
(17, 'CRVN 1', 10, 'Caravan', 'Rooms for English Foundation Program'),
(18, 'CRVN 2', 10, 'Caravan', 'Rooms for English Foundation Program'),
(19, 'CRVN 3', 10, 'Caravan', 'Rooms for English Foundation Program'),
(20, 'CRVN 4', 10, 'Caravan', 'Rooms for English Foundation Program'),
(21, 'CRVN 5', 10, 'Caravan', 'Rooms for English Foundation Program'),
(22, 'CRVN 11', 11, 'Caravan', 'Rooms for non-English Foundation Program'),
(23, 'Computer LAB 1', 2, 'Main Building', 'Maintained by Mr. Eric'),
(24, 'Computer LAB 2', 2, 'Main Building', 'Maintained by Mr. Vijay'),
(25, 'Any Room ', 9, 'Campus', 'any room'),
(26, 'Free Room', 14, 'Free Room', 'Free Room'),
(27, 'ELC WRKSHOP 3', 7, 'Main Building', 'Electrical workshop');

-- --------------------------------------------------------

--
-- Table structure for table `room_type`
--

CREATE TABLE `room_type` (
  `id` int(4) NOT NULL,
  `name` varchar(50) NOT NULL,
  `description` varchar(100) DEFAULT NULL
) ENGINE=InnoDB DEFAULT CHARSET=utf8;

--
-- Dumping data for table `room_type`
--

INSERT INTO `room_type` (`id`, `name`, `description`) VALUES
(1, 'Classroom', 'Default room type'),
(2, 'Computer LAB', 'Used for IT classes'),
(3, 'Workshop-MECH', 'Mechatronics workshop'),
(4, 'Workshop-WELD', 'Welding workshop'),
(5, 'Workshop-RAC', 'RAC Workshop'),
(6, 'Workshop-ELX', 'Electronics workshop'),
(7, 'Workshop-ELC', 'Electical workshop'),
(8, 'Drawing LAB', 'Laboratory for autocad subject'),
(9, 'Same Type Room', 'Same Type Room'),
(10, 'Caravan', 'Rooms for English Foundation Program'),
(11, 'Caravan-Converted room', 'Rooms for non-English Foundation Program'),
(12, 'ELC-Converted room', 'Dedicated room for ELC lecture classes'),
(13, 'ELX-Converted room', 'Dedicated room for ELX lecture classes'),
(14, 'Free Room', 'Free Room');

-- --------------------------------------------------------

--
-- Table structure for table `subject`
--

CREATE TABLE `subject` (
  `id` int(4) NOT NULL,
  `code` varchar(20) COLLATE utf8_unicode_ci NOT NULL,
  `name` varchar(50) COLLATE utf8_unicode_ci NOT NULL,
  `required_period` int(4) NOT NULL COMMENT 'total number of periods required per week',
  `description` varchar(50) COLLATE utf8_unicode_ci NOT NULL
) ENGINE=InnoDB DEFAULT CHARSET=utf8 COLLATE=utf8_unicode_ci ROW_FORMAT=COMPACT;

--
-- Dumping data for table `subject`
--

INSERT INTO `subject` (`id`, `code`, `name`, `required_period`, `description`) VALUES
(1, 'STUDY BREAK', 'STUDY BREAK', 5, ''),
(2, 'BBSSM 1101', 'PRINCIPLES OF MARKETING ', 6, ''),
(3, 'BBSSM 1102', 'INTRODUCTION TO SELLING ', 6, ''),
(4, 'BBSSM 1103', 'ECONOMICS', 6, ''),
(5, 'BBSSM 1201', 'BUSINESS ETHICS', 6, ''),
(6, 'BBSSM 1202', 'ADVERTISIMENT & PROMOTION', 6, ''),
(7, 'BBSSM 1203', 'CONSUMER BEHAVIOR ', 6, ''),
(8, 'BBSSM 1204', 'BUSINESS RESEARCH METHODS', 6, ''),
(9, 'BBSSM 2101', 'DIRECT MARKETING ', 6, ''),
(10, 'BBSSM 2102', 'RETAILING MANAGEMENT ', 6, ''),
(11, 'BBSSM 2103', 'RETAIL PRICING STRAGEGIES ', 6, ''),
(12, 'BBSSM 2104', 'PROFESSIONAL SELLING ', 6, ''),
(13, 'BBSSM 2201', 'CUSTOMER RELATIONSHIP MGT.', 6, ''),
(14, 'BBSSM 2202', 'MANAGEMENT AND ORGANIZATION ', 6, ''),
(15, 'BBSSM 2203', 'MARKETING COMMUINCATION', 6, ''),
(16, 'BBSSM 2204x', 'GRADUATION PROJECT ', 10, ''),
(17, 'CHEM 1101', 'Chemistry 1', 4, ''),
(18, 'CHEM 1202', 'Chemistry 2', 4, ''),
(19, 'EECIM 1101', 'Basic Electricity and System', 7, ''),
(20, 'EECIM 1102', 'Basic Electronics and Circuits', 7, ''),
(21, 'EECIM 1103', 'Fundamental Digital Electronics Circuits', 10, ''),
(22, 'EECIM 1203', 'ELX-?', 7, ''),
(23, 'EECIM 1204', 'Installation, Servicing Audio-Video Systems', 5, ''),
(24, 'EECIM 1205', 'Switched-Mode Power Supplies & Autovolt Power', 10, ''),
(25, 'EECIM 1206', 'Electronics Devices Servicing 1', 10, ''),
(26, 'EECIM 1305', 'ELX-?', 5, ''),
(27, 'EECIM 2107', 'Personal Computers and Multimedia Devices', 10, ''),
(28, 'EECIM 2108', 'Computer System Data Comm. & Internetworking', 10, ''),
(29, 'EECIM 2109', 'Graduation Project 1', 10, ''),
(30, 'EECIM 2210', 'Security Alarm systems', 10, ''),
(31, 'EECIM 2211', 'Electronics Devices Servicing 2', 10, ''),
(32, 'EECIM 2212', 'Graduation Project 2', 10, ''),
(33, 'EELIHW 1101', 'Health and Safety Precautions', 1, ''),
(34, 'EELIHW 1102', 'Basic Electricity(AC/DC) &Electrical Code', 8, ''),
(35, 'EELIHW 1103', 'Tools, Instruments, Electric wires and cable works', 5, ''),
(36, 'EELIHW 1204', 'Basic Electronics', 4, ''),
(37, 'EELIHW 1205', 'Electrical-Circuits and Protection Devices', 10, ''),
(38, 'EELIHW 1206', 'Three Phase Principles', 10, ''),
(39, 'EENDR 1101', 'Engineering Drawing 1', 10, ''),
(40, 'EENDR 1202', 'Engineering Drawing 2', 10, ''),
(41, 'ENTRP 1101', 'Entrepreneurship 1', 3, ''),
(42, 'ENTRP 1203', 'Entrepreneurship 2', 3, ''),
(43, 'INBS 1202', 'E- COMMERCE ', 4, ''),
(44, 'INTE 1101 ', 'ADVANCED IT SKILLS ', 4, ''),
(45, 'INTE 1202', 'INTRODUCTION TO C++ Programming', 4, ''),
(46, 'MTBS 1202', 'BUSINESS MATHEMATICS', 4, ''),
(47, 'MTCL 1101', 'Calculus', 4, ''),
(48, 'MTCL 1202', 'Engineering Mathematics', 4, ''),
(49, 'MTST 1101', 'STATISTICS ', 4, ''),
(50, 'PHYS 1101', 'Physics 1', 4, ''),
(51, 'PHYS 1202', 'Physics 2', 4, ''),
(52, 'PUENG 2101', 'Public Speaking', 3, ''),
(53, 'TCENG 1202', 'Technical Communication', 3, ''),
(54, 'TWENG 1101', 'TECHNICAL WRITING ', 3, ''),
(55, 'EELIHW 1203', 'EELIHW 1203 x', 7, ''),
(56, 'EELIHW 2107', 'EELIHW 2107 x', 8, ''),
(57, 'EELIHW 2108', 'EELIHW 2108 x', 5, ''),
(58, 'EELIHW 2209', 'EELIHW 2209 x', 12, ''),
(59, 'EELIHW 2210', 'EELIHW 2210 x', 9, ''),
(60, 'EECIM 1306', 'EECIM 1306', 5, ''),
(61, 'EELHW 2311', 'EELHW 2311', 7, ''),
(62, 'EELHW 2312', 'EELHW 2312', 5, ''),
(63, 'EELHW 2313', 'EELHW 2313', 4, ''),
(64, 'EELHW 2314', 'EELHW 2314', 9, ''),
(65, 'EELHW 1305', 'EELHW 1305', 7, '');

-- --------------------------------------------------------

--
-- Table structure for table `subject_class`
--

CREATE TABLE `subject_class` (
  `id` int(4) NOT NULL,
  `timetable_id` int(4) NOT NULL,
  `subject_id` int(4) NOT NULL,
  `trainee_group_id` int(4) NOT NULL,
  `instructor_id` int(4) DEFAULT NULL,
  `room_id` int(4) DEFAULT NULL,
  `room_type_id` int(4) NOT NULL,
  `room_id_final` int(4) DEFAULT NULL,
  `room_fixed` int(11) DEFAULT NULL,
  `preferred_start_period` int(4) DEFAULT NULL,
  `preferred_end_period` int(4) DEFAULT NULL,
  `preferred_number_days` int(4) DEFAULT NULL
) ENGINE=InnoDB DEFAULT CHARSET=utf8 ROW_FORMAT=COMPACT;

--
-- Dumping data for table `subject_class`
--

INSERT INTO `subject_class` (`id`, `timetable_id`, `subject_id`, `trainee_group_id`, `instructor_id`, `room_id`, `room_type_id`, `room_id_final`, `room_fixed`, `preferred_start_period`, `preferred_end_period`, `preferred_number_days`) VALUES
(1, 1, 3, 4, 39, 25, 1, NULL, NULL, 1, 7, 3),
(2, 1, 5, 4, 39, 25, 1, NULL, NULL, 1, 7, 3),
(3, 1, 46, 4, 47, 25, 1, NULL, NULL, 1, 7, 2),
(4, 1, 53, 4, 5, 22, 11, NULL, 1, 1, 7, 2),
(5, 1, 42, 4, 39, 25, 1, NULL, NULL, 1, 7, 2),
(6, 1, 1, 4, 1, 26, 14, NULL, 1, 3, 4, 5),
(7, 1, 6, 7, 51, 25, 1, NULL, NULL, 1, 7, 3),
(8, 1, 7, 7, 51, 25, 1, NULL, NULL, 1, 7, 3),
(9, 1, 8, 7, 51, 25, 1, NULL, NULL, 1, 7, 3),
(10, 1, 1, 7, 1, 26, 14, NULL, 1, 3, 4, 5),
(11, 2, 3, 4, 39, 25, 1, NULL, NULL, 1, 7, 3),
(12, 2, 5, 4, 39, 25, 1, NULL, NULL, 1, 7, 3),
(13, 2, 46, 4, 47, 25, 1, NULL, NULL, 1, 7, 2),
(14, 2, 53, 4, 5, 22, 11, NULL, 1, 1, 7, 2),
(15, 2, 42, 4, 39, 25, 1, NULL, NULL, 1, 7, 2),
(16, 2, 1, 4, 1, 26, 14, NULL, 1, 3, 4, 5),
(17, 2, 6, 7, 51, 25, 1, NULL, NULL, 1, 7, 3),
(18, 2, 7, 7, 51, 25, 1, NULL, NULL, 1, 7, 3),
(19, 2, 8, 7, 51, 25, 1, NULL, NULL, 1, 7, 3),
(20, 2, 1, 7, 1, 26, 14, NULL, 1, 3, 4, 5),
(21, 2, 19, 55, 21, 25, 6, NULL, NULL, 1, 5, 3),
(22, 2, 20, 55, 62, 25, 6, NULL, NULL, 1, 5, 3),
(23, 2, 47, 55, 28, 25, 1, NULL, NULL, 1, 7, 3),
(24, 2, 54, 55, 37, 22, 11, NULL, 1, 1, 7, 2),
(25, 2, 45, 55, 19, 23, 2, NULL, 1, 1, 7, 2),
(26, 3, 3, 4, 39, 25, 1, NULL, NULL, 1, 7, 3),
(27, 3, 5, 4, 39, 25, 1, NULL, NULL, 1, 7, 3),
(28, 3, 46, 4, 47, 25, 1, NULL, NULL, 1, 7, 2),
(29, 3, 53, 4, 5, 22, 11, NULL, 1, 1, 7, 2),
(30, 3, 42, 4, 39, 25, 1, NULL, NULL, 1, 7, 2),
(31, 3, 1, 4, 1, 26, 14, NULL, 1, 3, 4, 5),
(32, 3, 6, 7, 51, 25, 1, NULL, NULL, 1, 7, 3),
(33, 3, 7, 7, 51, 25, 1, NULL, NULL, 1, 7, 3),
(34, 3, 8, 7, 51, 25, 1, NULL, NULL, 1, 7, 3),
(35, 3, 1, 7, 1, 26, 14, NULL, 1, 3, 4, 5),
(36, 3, 19, 55, 21, 25, 6, NULL, NULL, 1, 5, 3),
(37, 3, 20, 55, 62, 25, 6, NULL, NULL, 1, 5, 3),
(38, 3, 47, 55, 28, 25, 1, NULL, NULL, 1, 7, 3),
(39, 3, 54, 55, 37, 22, 11, NULL, 1, 1, 7, 2),
(40, 3, 45, 55, 19, 23, 2, NULL, 1, 1, 7, 2),
(41, 3, 1, 55, 1, 26, 14, NULL, 1, 3, 4, 5),
(42, 4, 3, 4, 39, 25, 1, NULL, NULL, 1, 7, 3),
(43, 4, 5, 4, 39, 25, 1, NULL, NULL, 1, 7, 3),
(44, 4, 46, 4, 47, 25, 1, NULL, NULL, 1, 7, 2),
(45, 4, 53, 4, 5, 22, 11, NULL, 1, 1, 7, 2),
(46, 4, 42, 4, 39, 25, 1, NULL, NULL, 1, 7, 2),
(47, 4, 1, 4, 1, 26, 14, NULL, 1, 3, 4, 5),
(48, 4, 6, 7, 51, 25, 1, NULL, NULL, 1, 7, 3),
(49, 4, 7, 7, 51, 25, 1, NULL, NULL, 1, 7, 3),
(50, 4, 8, 7, 51, 25, 1, NULL, NULL, 1, 7, 3),
(51, 4, 1, 7, 1, 26, 14, NULL, 1, 3, 4, 5),
(52, 4, 19, 55, 21, 25, 6, NULL, NULL, 1, 5, 3),
(53, 4, 20, 55, 62, 25, 6, NULL, NULL, 1, 5, 3),
(54, 4, 47, 55, 28, 25, 1, NULL, NULL, 1, 7, 3),
(55, 4, 54, 55, 37, 22, 11, NULL, 1, 1, 7, 2),
(56, 4, 45, 55, 19, 23, 2, NULL, 1, 1, 7, 2),
(57, 4, 1, 55, 1, 26, 14, NULL, 1, 3, 4, 5),
(58, 5, 3, 4, 39, 25, 1, NULL, NULL, 1, 7, 3),
(59, 5, 5, 4, 39, 25, 1, NULL, NULL, 1, 7, 3),
(60, 5, 46, 4, 47, 25, 1, NULL, NULL, 1, 7, 2),
(61, 5, 53, 4, 5, 22, 11, NULL, 1, 1, 7, 2),
(62, 5, 42, 4, 39, 25, 1, NULL, NULL, 1, 7, 2),
(63, 5, 1, 4, 1, 26, 14, NULL, 1, 3, 4, 5),
(64, 5, 6, 7, 51, 25, 1, NULL, NULL, 1, 7, 3),
(65, 5, 7, 7, 51, 25, 1, NULL, NULL, 1, 7, 3),
(66, 5, 8, 7, 51, 25, 1, NULL, NULL, 1, 7, 3),
(67, 5, 1, 7, 1, 26, 14, NULL, 1, 3, 4, 5),
(68, 5, 19, 55, 21, 25, 6, NULL, NULL, 1, 5, 3),
(69, 5, 20, 55, 62, 25, 6, NULL, NULL, 1, 5, 3),
(70, 5, 47, 55, 28, 25, 1, NULL, NULL, 1, 7, 3),
(71, 5, 54, 55, 37, 22, 11, NULL, 1, 1, 7, 2),
(72, 5, 45, 55, 19, 23, 2, NULL, 1, 1, 7, 2),
(73, 5, 1, 55, 1, 26, 14, NULL, 1, 3, 4, 5),
(74, 6, 3, 4, 39, 25, 1, NULL, NULL, 1, 7, 3),
(75, 6, 5, 4, 39, 25, 1, NULL, NULL, 1, 7, 3),
(76, 6, 46, 4, 47, 25, 1, NULL, NULL, 1, 7, 2),
(77, 6, 53, 4, 5, 22, 11, NULL, 1, 1, 7, 2),
(78, 6, 42, 4, 39, 25, 1, NULL, NULL, 1, 7, 2),
(79, 6, 1, 4, 1, 26, 14, NULL, 1, 3, 4, 5),
(80, 6, 6, 7, 51, 25, 1, NULL, NULL, 1, 7, 3),
(81, 6, 7, 7, 51, 25, 1, NULL, NULL, 1, 7, 3),
(82, 6, 8, 7, 51, 25, 1, NULL, NULL, 1, 7, 3),
(83, 6, 1, 7, 1, 26, 14, NULL, 1, 3, 4, 5),
(85, 7, 3, 4, 63, 25, 1, NULL, NULL, 1, 7, 3),
(86, 7, 5, 4, 63, 25, 1, NULL, NULL, 1, 7, 3),
(87, 7, 46, 4, 47, 25, 1, NULL, NULL, 1, 7, 2),
(88, 7, 53, 4, 5, 22, 11, NULL, 1, 1, 7, 2),
(89, 7, 42, 4, 63, 25, 1, NULL, NULL, 1, 7, 2),
(90, 7, 1, 4, 1, 26, 14, NULL, 1, 3, 4, 5),
(91, 7, 6, 7, 51, 25, 1, NULL, NULL, 1, 7, 3),
(92, 7, 7, 7, 51, 25, 1, NULL, NULL, 1, 7, 3),
(93, 7, 8, 7, 51, 25, 1, NULL, 1, 1, 7, 3),
(94, 7, 52, 7, 5, 22, 11, NULL, 1, 1, 7, 2),
(95, 7, 1, 7, 1, 26, 14, NULL, 1, 3, 4, 5),
(96, 7, 14, 13, 51, 25, 1, NULL, NULL, 1, 7, 3),
(97, 7, 15, 13, 39, 25, 1, NULL, NULL, 1, 7, 3),
(98, 7, 11, 13, 39, 25, 1, NULL, NULL, 1, 7, 3),
(99, 7, 52, 13, 5, 22, 11, NULL, 1, 1, 7, 2),
(100, 7, 1, 13, 1, 26, 14, NULL, 1, 3, 4, 5),
(101, 7, 19, 55, 21, 25, 6, NULL, NULL, 1, 5, 3),
(102, 7, 20, 55, 62, 25, 6, NULL, NULL, 1, 5, 3),
(103, 7, 47, 55, 28, 25, 1, NULL, NULL, 1, 7, 2),
(104, 7, 54, 55, 37, 22, 11, NULL, 1, 1, 7, 2),
(105, 7, 45, 55, 19, 23, 2, NULL, 1, 1, 6, 3),
(106, 7, 1, 55, 1, 26, 14, NULL, 1, 3, 4, 5),
(107, 7, 60, 61, 21, 25, 6, NULL, NULL, 1, 5, 2),
(108, 7, 27, 61, 18, 4, 13, NULL, 1, 1, 5, 4),
(109, 7, 28, 61, 18, 4, 13, NULL, 1, 1, 5, 3),
(110, 7, 52, 61, 5, 22, 11, NULL, 1, 1, 7, 2),
(111, 7, 17, 61, 14, 25, 1, NULL, NULL, 1, 7, 2),
(112, 7, 1, 61, 1, 26, 14, NULL, 1, 3, 4, 5),
(113, 7, 61, 43, 25, 25, 7, NULL, NULL, 1, 6, 3),
(114, 7, 62, 43, 27, 25, 7, NULL, NULL, 1, 6, 2),
(115, 7, 63, 43, 20, 25, 7, NULL, NULL, 1, 6, 2),
(116, 7, 64, 43, 24, 25, 7, NULL, NULL, 1, 6, 4),
(117, 7, 1, 43, 1, 26, 14, NULL, 1, 3, 4, 5),
(118, 7, 58, 40, 27, 25, 7, NULL, 1, 1, 6, 5),
(119, 7, 59, 40, 26, 25, 7, NULL, NULL, 1, 6, 4),
(120, 7, 42, 40, 39, 25, 1, NULL, NULL, 1, 7, 2),
(121, 7, 1, 40, 1, 26, 14, NULL, 1, 3, 4, 5),
(122, 7, 65, 34, 20, 25, 7, NULL, NULL, 1, 6, 3),
(123, 7, 60, 34, 25, 25, 7, NULL, NULL, 1, 6, 3),
(124, 7, 52, 34, 5, 22, 11, NULL, 1, 1, 7, 2),
(125, 7, 17, 34, 64, 25, 1, NULL, NULL, 1, 8, 2),
(126, 7, 45, 34, 60, 24, 2, NULL, 1, 1, 7, 2),
(127, 7, 1, 34, 1, 26, 14, NULL, 1, 3, 4, 5),
(128, 7, 55, 31, 20, 25, 7, NULL, NULL, 1, 6, 3),
(129, 7, 36, 31, 62, 25, 6, NULL, NULL, 1, 6, 2),
(130, 7, 48, 31, 43, 25, 1, NULL, NULL, 1, 7, 2),
(131, 7, 51, 31, 16, 25, 1, NULL, NULL, 1, 7, 2),
(132, 7, 53, 31, 5, 22, 11, NULL, 1, 1, 7, 2),
(133, 7, 1, 31, 1, 26, 14, NULL, 1, 3, 4, 5),
(134, 7, 33, 28, 24, 16, 12, NULL, 1, 1, 7, 1),
(135, 7, 34, 28, 26, 25, 7, NULL, NULL, 1, 6, 4),
(136, 7, 47, 28, 28, 25, 1, NULL, NULL, 1, 7, 2),
(137, 7, 50, 28, 16, 25, 1, NULL, NULL, 1, 6, 2),
(138, 7, 54, 28, 37, 22, 11, NULL, 1, 1, 7, 2),
(139, 7, 1, 28, 1, 26, 14, NULL, 1, 3, 4, 5),
(160, 10, 3, 4, 63, 25, 1, NULL, NULL, 1, 7, 3),
(161, 10, 5, 4, 63, 25, 1, NULL, NULL, 1, 7, 3),
(162, 10, 46, 4, 47, 25, 1, NULL, NULL, 1, 7, 2),
(163, 10, 53, 4, 5, 22, 11, NULL, 1, 1, 7, 2),
(164, 10, 42, 4, 63, 25, 1, NULL, NULL, 1, 7, 2),
(165, 10, 1, 4, 1, 26, 14, NULL, 1, 3, 4, 5),
(166, 10, 6, 7, 51, 25, 1, NULL, NULL, 1, 7, 3),
(167, 10, 7, 7, 51, 25, 1, NULL, NULL, 1, 7, 3),
(168, 10, 8, 7, 51, 25, 1, NULL, 1, 1, 7, 3),
(169, 10, 52, 7, 5, 22, 11, NULL, 1, 1, 7, 2),
(170, 10, 1, 7, 1, 26, 14, NULL, 1, 3, 4, 5),
(171, 10, 14, 13, 51, 25, 1, NULL, NULL, 1, 7, 3),
(172, 10, 15, 13, 39, 25, 1, NULL, NULL, 1, 7, 3),
(173, 10, 11, 13, 39, 25, 1, NULL, NULL, 1, 7, 3),
(174, 10, 52, 13, 5, 22, 11, NULL, 1, 1, 7, 2),
(175, 10, 1, 13, 1, 26, 14, NULL, 1, 3, 4, 5),
(176, 10, 19, 55, 21, 25, 6, NULL, NULL, 1, 5, 3),
(177, 10, 20, 55, 62, 25, 6, NULL, NULL, 1, 5, 3),
(178, 10, 47, 55, 28, 25, 1, NULL, NULL, 1, 7, 2),
(179, 10, 54, 55, 37, 22, 11, NULL, 1, 1, 7, 2),
(180, 10, 45, 55, 19, 23, 2, NULL, 1, 1, 6, 3),
(181, 10, 1, 55, 1, 26, 14, NULL, 1, 3, 4, 5),
(182, 10, 60, 61, 21, 25, 6, NULL, NULL, 1, 5, 2),
(183, 10, 27, 61, 18, 4, 13, NULL, 1, 1, 5, 4),
(184, 10, 28, 61, 18, 4, 13, NULL, 1, 1, 5, 3),
(185, 10, 52, 61, 5, 22, 11, NULL, 1, 1, 7, 2),
(186, 10, 17, 61, 14, 25, 1, NULL, NULL, 1, 7, 2),
(187, 10, 1, 61, 1, 26, 14, NULL, 1, 3, 4, 5),
(188, 10, 61, 43, 25, 25, 7, NULL, NULL, 1, 6, 3),
(189, 10, 62, 43, 27, 25, 7, NULL, NULL, 1, 6, 2),
(190, 10, 63, 43, 20, 25, 7, NULL, NULL, 1, 6, 2),
(191, 10, 64, 43, 24, 25, 7, NULL, NULL, 1, 6, 4),
(192, 10, 1, 43, 1, 26, 14, NULL, 1, 3, 4, 5),
(193, 10, 58, 40, 27, 25, 7, NULL, 1, 1, 6, 5),
(194, 10, 59, 40, 26, 25, 7, NULL, NULL, 1, 6, 4),
(195, 10, 42, 40, 39, 25, 1, NULL, NULL, 1, 7, 2),
(196, 10, 1, 40, 1, 26, 14, NULL, 1, 3, 4, 5),
(197, 10, 65, 34, 20, 25, 7, NULL, NULL, 1, 6, 3),
(198, 10, 60, 34, 25, 25, 7, NULL, NULL, 1, 6, 3),
(199, 10, 52, 34, 5, 22, 11, NULL, 1, 1, 7, 2),
(200, 10, 17, 34, 64, 25, 1, NULL, NULL, 1, 8, 2),
(201, 10, 45, 34, 60, 24, 2, NULL, 1, 1, 7, 2),
(202, 10, 1, 34, 1, 26, 14, NULL, 1, 3, 4, 5),
(203, 10, 55, 31, 20, 25, 7, NULL, NULL, 1, 6, 3),
(204, 10, 36, 31, 62, 25, 6, NULL, NULL, 1, 6, 2),
(205, 10, 48, 31, 43, 25, 1, NULL, NULL, 1, 7, 2),
(206, 10, 51, 31, 16, 25, 1, NULL, NULL, 1, 7, 2),
(207, 10, 53, 31, 5, 22, 11, NULL, 1, 1, 7, 2),
(208, 10, 1, 31, 1, 26, 14, NULL, 1, 3, 4, 5),
(209, 10, 33, 28, 24, 16, 12, NULL, 1, 1, 7, 1),
(210, 10, 34, 28, 26, 25, 7, NULL, NULL, 1, 6, 4),
(211, 10, 47, 28, 28, 25, 1, NULL, NULL, 1, 7, 2),
(212, 10, 50, 28, 16, 25, 1, NULL, NULL, 1, 6, 2),
(213, 10, 54, 28, 37, 22, 11, NULL, 1, 1, 7, 2),
(214, 10, 1, 28, 1, 26, 14, NULL, 1, 3, 4, 5),
(215, 11, 3, 4, 63, 25, 1, NULL, NULL, 1, 7, 3),
(216, 11, 5, 4, 63, 25, 1, NULL, NULL, 1, 7, 3),
(217, 11, 46, 4, 47, 25, 1, NULL, NULL, 1, 7, 2),
(218, 11, 53, 4, 5, 22, 11, NULL, 1, 1, 7, 2),
(219, 11, 42, 4, 63, 25, 1, NULL, NULL, 1, 7, 2),
(220, 11, 1, 4, 1, 26, 14, NULL, 1, 3, 4, 5),
(221, 11, 6, 7, 51, 25, 1, NULL, NULL, 1, 7, 3),
(222, 11, 7, 7, 51, 25, 1, NULL, NULL, 1, 7, 3),
(223, 11, 8, 7, 51, 25, 1, NULL, 1, 1, 7, 3),
(224, 11, 52, 7, 5, 22, 11, NULL, 1, 1, 7, 2),
(225, 11, 1, 7, 1, 26, 14, NULL, 1, 3, 4, 5),
(226, 11, 14, 13, 51, 25, 1, NULL, NULL, 1, 7, 3),
(227, 11, 15, 13, 39, 25, 1, NULL, NULL, 1, 7, 3),
(228, 11, 11, 13, 39, 25, 1, NULL, NULL, 1, 7, 3),
(229, 11, 52, 13, 5, 22, 11, NULL, 1, 1, 7, 2),
(230, 11, 1, 13, 1, 26, 14, NULL, 1, 3, 4, 5),
(231, 11, 19, 55, 21, 25, 6, NULL, NULL, 1, 5, 3),
(232, 11, 20, 55, 62, 25, 6, NULL, NULL, 1, 5, 3),
(233, 11, 47, 55, 28, 25, 1, NULL, NULL, 1, 7, 2),
(234, 11, 54, 55, 37, 22, 11, NULL, 1, 1, 7, 2),
(235, 11, 45, 55, 19, 23, 2, NULL, 1, 1, 6, 3),
(236, 11, 1, 55, 1, 26, 14, NULL, 1, 3, 4, 5),
(237, 11, 60, 61, 21, 25, 6, NULL, NULL, 1, 5, 2),
(238, 11, 27, 61, 18, 4, 13, NULL, 1, 1, 5, 4),
(239, 11, 28, 61, 18, 4, 13, NULL, 1, 1, 5, 3),
(240, 11, 52, 61, 5, 22, 11, NULL, 1, 1, 7, 2),
(241, 11, 17, 61, 14, 25, 1, NULL, NULL, 1, 7, 2),
(242, 11, 1, 61, 1, 26, 14, NULL, 1, 3, 4, 5),
(243, 11, 61, 43, 25, 25, 7, NULL, NULL, 1, 6, 3),
(244, 11, 62, 43, 27, 25, 7, NULL, NULL, 1, 6, 2),
(245, 11, 63, 43, 20, 25, 7, NULL, NULL, 1, 6, 2),
(246, 11, 64, 43, 24, 25, 7, NULL, NULL, 1, 6, 4),
(247, 11, 1, 43, 1, 26, 14, NULL, 1, 3, 4, 5),
(248, 11, 58, 40, 27, 25, 7, NULL, 1, 1, 6, 5),
(249, 11, 59, 40, 26, 25, 7, NULL, NULL, 1, 6, 4),
(250, 11, 42, 40, 39, 25, 1, NULL, NULL, 1, 7, 2),
(251, 11, 1, 40, 1, 26, 14, NULL, 1, 3, 4, 5),
(252, 11, 65, 34, 20, 25, 7, NULL, NULL, 1, 6, 3),
(253, 11, 60, 34, 25, 25, 7, NULL, NULL, 1, 6, 3),
(254, 11, 52, 34, 5, 22, 11, NULL, 1, 1, 7, 2),
(255, 11, 17, 34, 64, 25, 1, NULL, NULL, 1, 8, 2),
(256, 11, 45, 34, 60, 24, 2, NULL, 1, 1, 7, 2),
(257, 11, 1, 34, 1, 26, 14, NULL, 1, 3, 4, 5),
(258, 11, 55, 31, 20, 25, 7, NULL, NULL, 1, 6, 3),
(259, 11, 36, 31, 62, 25, 6, NULL, NULL, 1, 6, 2),
(260, 11, 48, 31, 43, 25, 1, NULL, NULL, 1, 7, 2),
(261, 11, 51, 31, 16, 25, 1, NULL, NULL, 1, 7, 2),
(262, 11, 53, 31, 5, 22, 11, NULL, 1, 1, 7, 2),
(263, 11, 1, 31, 1, 26, 14, NULL, 1, 3, 4, 5),
(264, 11, 33, 28, 24, 16, 12, NULL, 1, 1, 7, 1),
(265, 11, 34, 28, 26, 25, 7, NULL, NULL, 1, 6, 4),
(266, 11, 47, 28, 28, 25, 1, NULL, NULL, 1, 7, 2),
(267, 11, 50, 28, 16, 25, 1, NULL, NULL, 1, 6, 2),
(268, 11, 54, 28, 37, 22, 11, NULL, 1, 1, 7, 2),
(269, 11, 1, 28, 1, 26, 14, NULL, 1, 3, 4, 5),
(270, 12, 3, 4, 63, 25, 1, NULL, NULL, 1, 7, 3),
(271, 12, 5, 4, 63, 25, 1, NULL, NULL, 1, 7, 3),
(272, 12, 46, 4, 47, 25, 1, NULL, NULL, 1, 7, 2),
(273, 12, 53, 4, 5, 22, 11, NULL, 1, 1, 7, 2),
(274, 12, 42, 4, 63, 25, 1, NULL, NULL, 1, 7, 2),
(275, 12, 1, 4, 1, 26, 14, NULL, 1, 3, 4, 5),
(276, 12, 6, 7, 51, 25, 1, NULL, NULL, 1, 7, 3),
(277, 12, 7, 7, 51, 25, 1, NULL, NULL, 1, 7, 3),
(278, 12, 8, 7, 51, 25, 1, NULL, 1, 1, 7, 3),
(279, 12, 52, 7, 5, 22, 11, NULL, 1, 1, 7, 2),
(280, 12, 1, 7, 1, 26, 14, NULL, 1, 3, 4, 5),
(281, 12, 14, 13, 51, 25, 1, NULL, NULL, 1, 7, 3),
(282, 12, 15, 13, 39, 25, 1, NULL, NULL, 1, 7, 3),
(283, 12, 11, 13, 39, 25, 1, NULL, NULL, 1, 7, 3),
(284, 12, 52, 13, 5, 22, 11, NULL, 1, 1, 7, 2),
(285, 12, 1, 13, 1, 26, 14, NULL, 1, 3, 4, 5),
(286, 12, 19, 55, 21, 25, 6, NULL, NULL, 1, 5, 3),
(287, 12, 20, 55, 62, 25, 6, NULL, NULL, 1, 5, 3),
(288, 12, 47, 55, 28, 25, 1, NULL, NULL, 1, 7, 2),
(289, 12, 54, 55, 37, 22, 11, NULL, 1, 1, 7, 2),
(290, 12, 45, 55, 19, 23, 2, NULL, 1, 1, 6, 3),
(291, 12, 1, 55, 1, 26, 14, NULL, 1, 3, 4, 5),
(292, 12, 60, 61, 21, 25, 6, NULL, NULL, 1, 5, 2),
(293, 12, 27, 61, 18, 4, 13, NULL, 1, 1, 5, 4),
(294, 12, 28, 61, 18, 4, 13, NULL, 1, 1, 5, 3),
(295, 12, 52, 61, 5, 22, 11, NULL, 1, 1, 7, 2),
(296, 12, 17, 61, 14, 25, 1, NULL, NULL, 1, 7, 2),
(297, 12, 1, 61, 1, 26, 14, NULL, 1, 3, 4, 5),
(298, 12, 61, 43, 25, 25, 7, NULL, NULL, 1, 6, 3),
(299, 12, 62, 43, 27, 25, 7, NULL, NULL, 1, 6, 2),
(300, 12, 63, 43, 20, 25, 7, NULL, NULL, 1, 6, 2),
(301, 12, 64, 43, 24, 25, 7, NULL, NULL, 1, 6, 4),
(302, 12, 1, 43, 1, 26, 14, NULL, 1, 3, 4, 5),
(303, 12, 58, 40, 27, 25, 7, NULL, 1, 1, 6, 5),
(304, 12, 59, 40, 26, 25, 7, NULL, NULL, 1, 6, 4),
(305, 12, 42, 40, 39, 25, 1, NULL, NULL, 1, 7, 2),
(306, 12, 1, 40, 1, 26, 14, NULL, 1, 3, 4, 5),
(307, 12, 65, 34, 20, 25, 7, NULL, NULL, 1, 6, 3),
(308, 12, 60, 34, 25, 25, 7, NULL, NULL, 1, 6, 3),
(309, 12, 52, 34, 5, 22, 11, NULL, 1, 1, 7, 2),
(310, 12, 17, 34, 64, 25, 1, NULL, NULL, 1, 8, 2),
(311, 12, 45, 34, 60, 24, 2, NULL, 1, 1, 7, 2),
(312, 12, 1, 34, 1, 26, 14, NULL, 1, 3, 4, 5),
(313, 12, 55, 31, 20, 25, 7, NULL, NULL, 1, 6, 3),
(314, 12, 36, 31, 62, 25, 6, NULL, NULL, 1, 6, 2),
(315, 12, 48, 31, 43, 25, 1, NULL, NULL, 1, 7, 2),
(316, 12, 51, 31, 16, 25, 1, NULL, NULL, 1, 7, 2),
(317, 12, 53, 31, 5, 22, 11, NULL, 1, 1, 7, 2),
(318, 12, 1, 31, 1, 26, 14, NULL, 1, 3, 4, 5),
(319, 12, 33, 28, 24, 16, 12, NULL, 1, 1, 7, 1),
(320, 12, 34, 28, 26, 25, 7, NULL, NULL, 1, 6, 4),
(321, 12, 47, 28, 28, 25, 1, NULL, NULL, 1, 7, 2),
(322, 12, 50, 28, 16, 25, 1, NULL, NULL, 1, 6, 2),
(323, 12, 54, 28, 37, 22, 11, NULL, 1, 1, 7, 2),
(324, 12, 1, 28, 1, 26, 14, NULL, 1, 3, 4, 5);

-- --------------------------------------------------------

--
-- Table structure for table `timetable`
--

CREATE TABLE `timetable` (
  `id` int(4) NOT NULL,
  `year_start` year(4) NOT NULL,
  `year_end` year(4) NOT NULL,
  `term` varchar(100) NOT NULL,
  `remarks` varchar(100) DEFAULT NULL,
  `created` timestamp NOT NULL DEFAULT CURRENT_TIMESTAMP,
  `current` int(1) NOT NULL
) ENGINE=InnoDB DEFAULT CHARSET=utf8 ROW_FORMAT=COMPACT;

--
-- Dumping data for table `timetable`
--

INSERT INTO `timetable` (`id`, `year_start`, `year_end`, `term`, `remarks`, `created`, `current`) VALUES
(1, 2017, 2018, '3', '(0)Conflict/s []', '2017-04-26 12:38:52', 0),
(2, 2017, 2018, '3', '(0)Conflict/s []', '2017-04-26 13:28:32', 0),
(3, 2017, 2018, '3', '(0)Conflict/s []', '2017-04-26 14:21:10', 0),
(4, 2017, 2018, '3', '(1)Conflict/s [2.]', '2017-04-26 14:24:13', 0),
(5, 2017, 2018, '3', '(0)Conflict/s []', '2017-04-26 14:35:55', 0),
(6, 2017, 2018, '3', '(0)Conflict/s []', '2017-04-27 01:21:31', 0),
(7, 2018, 2019, '3', '(49)Conflict/s [13.17.18.5.21.27.28.10.11.0.9.2.19.35.3.26.36.25.33.34.20.32.8.]', '2017-04-28 03:54:19', 0),
(10, 2018, 2019, '3', '(31)Conflict/s [37.16.17.35.36.10.3.25.33.34.2.27.11.19.13.18.26.]', '2017-04-28 05:58:51', 0),
(11, 2018, 2019, '3', '(41)Conflict/s [20.33.2.28.29.4.5.35.24.10.19.3.11.34.27.26.12.13.8.9.]', '2017-04-28 06:24:43', 0),
(12, 2018, 2019, '3', '(40)Conflict/s [4.5.2.3.19.20.1.13.9.10.8.18.34.26.11.35.12.27.]', '2017-04-28 06:31:09', 1);

-- --------------------------------------------------------

--
-- Table structure for table `trainee_group`
--

CREATE TABLE `trainee_group` (
  `id` int(11) NOT NULL,
  `name` varchar(50) COLLATE utf8_unicode_ci NOT NULL,
  `section` varchar(50) CHARACTER SET utf8 NOT NULL,
  `level` int(4) NOT NULL,
  `remarks` varchar(50) COLLATE utf8_unicode_ci DEFAULT NULL
) ENGINE=InnoDB DEFAULT CHARSET=utf8 COLLATE=utf8_unicode_ci ROW_FORMAT=COMPACT;

--
-- Dumping data for table `trainee_group`
--

INSERT INTO `trainee_group` (`id`, `name`, `section`, `level`, `remarks`) VALUES
(1, 'BUS-1A', 'A', 1, 'Term 1 Sales & Marketing Trainees'),
(2, 'BUS-1B', 'B', 1, 'Term 1 Sales & Marketing Trainees'),
(3, 'BUS-1C', 'C', 1, 'Term 1 Sales & Marketing Trainees'),
(4, 'BUS-2A', 'A', 2, 'Term 2 Sales & Marketing Trainees'),
(5, 'BUS-2B', 'B', 2, 'Term 2 Sales & Marketing Trainees'),
(6, 'BUS-2C', 'C', 2, 'Term 2 Sales & Marketing Trainees'),
(7, 'BUS-3A', 'A', 3, 'Term 3 Sales & Marketing Trainees'),
(8, 'BUS-3B', 'B', 3, 'Term 3 Sales & Marketing Trainees'),
(9, 'BUS-3C', 'C', 3, 'Term 3 Sales & Marketing Trainees'),
(10, 'BUS-4A', 'A', 4, 'Term 4 Sales & Marketing Trainees'),
(11, 'BUS-4B', 'B', 4, 'Term 4 Sales & Marketing Trainees'),
(12, 'BUS-4C', 'C', 4, 'Term 4 Sales & Marketing Trainees'),
(13, 'BUS-5A', 'A', 5, 'Term 5 Sales & Marketing Trainees'),
(14, 'BUS-5B', 'B', 5, 'Term 5 Sales & Marketing Trainees'),
(15, 'BUS-5C', 'C', 5, 'Term 5 Sales & Marketing Trainees'),
(16, 'BUS-6A', 'A', 6, 'Term 6 Sales & Marketing Trainees'),
(17, 'BUS-6B', 'B', 6, 'Term 6 Sales & Marketing Trainees'),
(18, 'BUS-6C', 'C', 6, 'Term 6 Sales & Marketing Trainees'),
(19, 'BUS-7A', 'A', 7, 'Term 7 Sales & Marketing Trainees'),
(20, 'BUS-7B', 'B', 7, 'Term 7 Sales & Marketing Trainees'),
(21, 'BUS-7C', 'C', 7, 'Term 7 Sales & Marketing Trainees'),
(22, 'BUS-8A', 'A', 8, 'Term 8 Sales & Marketing Trainees'),
(23, 'BUS-8B', 'B', 8, 'Term 8 Sales & Marketing Trainees'),
(24, 'BUS-8C', 'C', 8, 'Term 8 Sales & Marketing Trainees'),
(25, 'BUS-9A', 'A', 9, 'Term 9 Sales & Marketing Trainees'),
(26, 'BUS-9B', 'B', 9, 'Term 9 Sales & Marketing Trainees'),
(27, 'BUS-9C', 'C', 9, 'Term 9 Sales & Marketing Trainees'),
(28, 'ELC-1A', 'A', 1, 'Term 1 Electrical Trainees'),
(29, 'ELC-1B', 'B', 1, 'Term 1 Electrical Trainees'),
(30, 'ELC-1C', 'C', 1, 'Term 1 Electrical Trainees'),
(31, 'ELC-2A', 'A', 2, 'Term 2 Electrical Trainees'),
(32, 'ELC-2B', 'B', 2, 'Term 2 Electrical Trainees'),
(33, 'ELC-2C', 'C', 2, 'Term 2 Electrical Trainees'),
(34, 'ELC-3A', 'A', 3, 'Term 3 Electrical Trainees'),
(35, 'ELC-3B', 'B', 3, 'Term 3 Electrical Trainees'),
(36, 'ELC-3C', 'C', 3, 'Term 3 Electrical Trainees'),
(37, 'ELC-4A', 'A', 4, 'Term 4 Electrical Trainees'),
(38, 'ELC-4B', 'B', 4, 'Term 4 Electrical Trainees'),
(39, 'ELC-4C', 'C', 4, 'Term 4 Electrical Trainees'),
(40, 'ELC-5A', 'A', 5, 'Term 5 Electrical Trainees'),
(41, 'ELC-5B', 'B', 5, 'Term 5 Electrical Trainees'),
(42, 'ELC-5C', 'C', 5, 'Term 5 Electrical Trainees'),
(43, 'ELC-6A', 'A', 6, 'Term 6 Electrical Trainees'),
(44, 'ELC-6B', 'B', 6, 'Term 6 Electrical Trainees'),
(45, 'ELC-6C', 'C', 6, 'Term 6 Electrical Trainees'),
(46, 'ELC-7A', 'A', 7, 'Term 7 Electrical Trainees'),
(47, 'ELC-7B', 'B', 7, 'Term 7 Electrical Trainees'),
(48, 'ELC-7C', 'C', 7, 'Term 7 Electrical Trainees'),
(49, 'ELC-8A', 'A', 8, 'Term 8 Electrical Trainees'),
(50, 'ELC-8B', 'B', 8, 'Term 8 Electrical Trainees'),
(51, 'ELC-8C', 'C', 8, 'Term 8 Electrical Trainees'),
(52, 'ELC-9A', 'A', 9, 'Term 9 Electrical Trainees'),
(53, 'ELC-9B', 'B', 9, 'Term 9 Electrical Trainees'),
(55, 'ELX-1A', 'A', 1, 'Term 1 Electronics Trainees'),
(56, 'ELX-1B', 'B', 1, 'Term 1 Electronics Trainees'),
(57, 'ELX-1C', 'C', 1, 'Term 1 Electronics Trainees'),
(58, 'ELX-2A', 'A', 2, 'Term 2 Electronics Trainees'),
(59, 'ELX-2B', 'B', 2, 'Term 2 Electronics Trainees'),
(60, 'ELX-2C', 'C', 2, 'Term 2 Electronics Trainees'),
(61, 'ELX-3A', 'A', 3, 'Term 3 Electronics Trainees'),
(62, 'ELX-3B', 'B', 3, 'Term 3 Electronics Trainees'),
(63, 'ELX-3C', 'C', 3, 'Term 3 Electronics Trainees'),
(64, 'ELX-4A', 'A', 4, 'Term 4 Electronics Trainees'),
(65, 'ELX-4B', 'B', 4, 'Term 4 Electronics Trainees'),
(66, 'ELX-4C', 'C', 4, 'Term 4 Electronics Trainees'),
(67, 'ELX-5A', 'A', 5, 'Term 5 Electronics Trainees'),
(68, 'ELX-5B', 'B', 5, 'Term 5 Electronics Trainees'),
(69, 'ELX-5C', 'C', 5, 'Term 5 Electronics Trainees'),
(70, 'ELX-6A', 'A', 6, 'Term 6 Electronics Trainees'),
(71, 'ELX-6B', 'B', 6, 'Term 6 Electronics Trainees'),
(72, 'ELX-6C', 'C', 6, 'Term 6 Electronics Trainees'),
(73, 'ELX-7A', 'A', 7, 'Term 7 Electronics Trainees'),
(74, 'ELX-7B', 'B', 7, 'Term 7 Electronics Trainees'),
(75, 'ELX-7C', 'C', 7, 'Term 7 Electronics Trainees'),
(76, 'ELX-8A', 'A', 8, 'Term 8 Electronics Trainees'),
(77, 'ELX-8B', 'B', 8, 'Term 8 Electronics Trainees'),
(78, 'ELX-8C', 'C', 8, 'Term 8 Electronics Trainees'),
(79, 'ELX-9A', 'A', 9, 'Term 9 Electronics Trainees'),
(80, 'ELX-9B', 'B', 9, 'Term 9 Electronics Trainees'),
(81, 'ELX-9C', 'C', 9, 'Term 9 Electronics Trainees'),
(82, 'MECHA-1A', 'A', 1, 'Term 1 Mechatronics Trainees'),
(83, 'MECHA-1B', 'B', 1, 'Term 1 Mechatronics Trainees'),
(84, 'MECHA-1C', 'C', 1, 'Term 1 Mechatronics Trainees'),
(85, 'MECHA-2A', 'A', 2, 'Term 2 Mechatronics Trainees'),
(86, 'MECHA-2B', 'B', 2, 'Term 2 Mechatronics Trainees'),
(87, 'MECHA-2C', 'C', 2, 'Term 2 Mechatronics Trainees'),
(88, 'MECHA-3A', 'A', 3, 'Term 3 Mechatronics Trainees'),
(89, 'MECHA-3B', 'B', 3, 'Term 3 Mechatronics Trainees'),
(90, 'MECHA-3C', 'C', 3, 'Term 3 Mechatronics Trainees'),
(91, 'MECHA-4A', 'A', 4, 'Term 4 Mechatronics Trainees'),
(92, 'MECHA-4B', 'B', 4, 'Term 4 Mechatronics Trainees'),
(93, 'MECHA-4C', 'C', 4, 'Term 4 Mechatronics Trainees'),
(94, 'MECHA-5A', 'A', 5, 'Term 5 Mechatronics Trainees'),
(95, 'MECHA-5B', 'B', 5, 'Term 5 Mechatronics Trainees'),
(96, 'MECHA-5C', 'C', 5, 'Term 5 Mechatronics Trainees'),
(97, 'MECHA-6A', 'A', 6, 'Term 6 Mechatronics Trainees'),
(98, 'MECHA-6B', 'B', 6, 'Term 6 Mechatronics Trainees'),
(99, 'MECHA-6C', 'C', 6, 'Term 6 Mechatronics Trainees'),
(100, 'MECHA-7A', 'A', 7, 'Term 7 Mechatronics Trainees'),
(101, 'MECHA-7B', 'B', 7, 'Term 7 Mechatronics Trainees'),
(102, 'MECHA-7C', 'C', 7, 'Term 7 Mechatronics Trainees'),
(103, 'MECHA-8A', 'A', 8, 'Term 8 Mechatronics Trainees'),
(104, 'MECHA-8B', 'B', 8, 'Term 8 Mechatronics Trainees'),
(105, 'MECHA-8C', 'C', 8, 'Term 8 Mechatronics Trainees'),
(106, 'MECHA-9A', 'A', 9, 'Term 9 Mechatronics Trainees'),
(107, 'MECHA-9B', 'B', 9, 'Term 9 Mechatronics Trainees'),
(108, 'MECHA-9C', 'C', 9, 'Term 9 Mechatronics Trainees'),
(109, 'RAC-1A', 'A', 1, 'Term 1 Ref & Aircon Trainees'),
(110, 'RAC-1B', 'B', 1, 'Term 1 Ref & Aircon Trainees'),
(111, 'RAC-1C', 'C', 1, 'Term 1 Ref & Aircon Trainees'),
(112, 'RAC-2A', 'A', 2, 'Term 2 Ref & Aircon Trainees'),
(113, 'RAC-2B', 'B', 2, 'Term 2 Ref & Aircon Trainees'),
(114, 'RAC-2C', 'C', 2, 'Term 2 Ref & Aircon Trainees'),
(115, 'RAC-3A', 'A', 3, 'Term 3 Ref & Aircon Trainees'),
(116, 'RAC-3B', 'B', 3, 'Term 3 Ref & Aircon Trainees'),
(117, 'RAC-3C', 'C', 3, 'Term 3 Ref & Aircon Trainees'),
(118, 'RAC-4A', 'A', 4, 'Term 4 Ref & Aircon Trainees'),
(119, 'RAC-4B', 'B', 4, 'Term 4 Ref & Aircon Trainees'),
(120, 'RAC-4C', 'C', 4, 'Term 4 Ref & Aircon Trainees'),
(121, 'RAC-5A', 'A', 5, 'Term 5 Ref & Aircon Trainees'),
(122, 'RAC-5B', 'B', 5, 'Term 5 Ref & Aircon Trainees'),
(123, 'RAC-5C', 'C', 5, 'Term 5 Ref & Aircon Trainees'),
(124, 'RAC-6A', 'A', 6, 'Term 6 Ref & Aircon Trainees'),
(125, 'RAC-6B', 'B', 6, 'Term 6 Ref & Aircon Trainees'),
(126, 'RAC-6C', 'C', 6, 'Term 6 Ref & Aircon Trainees'),
(127, 'RAC-7A', 'A', 7, 'Term 7 Ref & Aircon Trainees'),
(128, 'RAC-7B', 'B', 7, 'Term 7 Ref & Aircon Trainees'),
(129, 'RAC-7C', 'C', 7, 'Term 7 Ref & Aircon Trainees'),
(130, 'RAC-8A', 'A', 8, 'Term 8 Ref & Aircon Trainees'),
(131, 'RAC-8B', 'B', 8, 'Term 8 Ref & Aircon Trainees'),
(132, 'RAC-8C', 'C', 8, 'Term 8 Ref & Aircon Trainees'),
(133, 'RAC-9A', 'A', 9, 'Term 9 Ref & Aircon Trainees'),
(134, 'RAC-9B', 'B', 9, 'Term 9 Ref & Aircon Trainees'),
(135, 'RAC-9C', 'C', 9, 'Term 9 Ref & Aircon Trainees'),
(136, 'WELD-1A', 'A', 1, 'Term 1 Weldin & Fabrication Trainees'),
(137, 'WELD-1B', 'B', 1, 'Term 1 Weldin & Fabrication Trainees'),
(138, 'WELD-1C', 'C', 1, 'Term 1 Weldin & Fabrication Trainees'),
(139, 'WELD-2A', 'A', 2, 'Term 2 Weldin & Fabrication Trainees'),
(140, 'WELD-2B', 'B', 2, 'Term 2 Weldin & Fabrication Trainees'),
(141, 'WELD-2C', 'C', 2, 'Term 2 Weldin & Fabrication Trainees'),
(142, 'WELD-3A', 'A', 3, 'Term 3 Weldin & Fabrication Trainees'),
(143, 'WELD-3B', 'B', 3, 'Term 3 Weldin & Fabrication Trainees'),
(144, 'WELD-3C', 'C', 3, 'Term 3 Weldin & Fabrication Trainees'),
(145, 'WELD-4A', 'A', 4, 'Term 4 Weldin & Fabrication Trainees'),
(146, 'WELD-4B', 'B', 4, 'Term 4 Weldin & Fabrication Trainees'),
(147, 'WELD-4C', 'C', 4, 'Term 4 Weldin & Fabrication Trainees'),
(148, 'WELD-5A', 'A', 5, 'Term 5 Weldin & Fabrication Trainees'),
(149, 'WELD-5B', 'B', 5, 'Term 5 Weldin & Fabrication Trainees'),
(150, 'WELD-5C', 'C', 5, 'Term 5 Weldin & Fabrication Trainees'),
(151, 'WELD-6A', 'A', 6, 'Term 6 Weldin & Fabrication Trainees'),
(152, 'WELD-6B', 'B', 6, 'Term 6 Weldin & Fabrication Trainees'),
(153, 'WELD-6C', 'C', 6, 'Term 6 Weldin & Fabrication Trainees'),
(154, 'WELD-7A', 'A', 7, 'Term 7 Weldin & Fabrication Trainees'),
(155, 'WELD-7B', 'B', 7, 'Term 7 Weldin & Fabrication Trainees'),
(156, 'WELD-7C', 'C', 7, 'Term 7 Weldin & Fabrication Trainees'),
(157, 'WELD-8A', 'A', 8, 'Term 8 Weldin & Fabrication Trainees'),
(158, 'WELD-8B', 'B', 8, 'Term 8 Weldin & Fabrication Trainees'),
(159, 'WELD-8C', 'C', 8, 'Term 8 Weldin & Fabrication Trainees'),
(160, 'WELD-9A', 'A', 9, 'Term 9 Weldin & Fabrication Trainees'),
(161, 'WELD-9B', 'B', 9, 'Term 9 Weldin & Fabrication Trainees'),
(162, 'WELD-9C', 'C', 9, 'Term 9 Weldin & Fabrication Trainees'),
(165, 'ELC-9C', 'C', 9, 'Term 9 Electrical Trainees');

-- --------------------------------------------------------

--
-- Table structure for table `user`
--

CREATE TABLE `user` (
  `id` int(4) NOT NULL,
  `email` varchar(250) NOT NULL DEFAULT '',
  `first_name` varchar(50) NOT NULL,
  `last_name` varchar(100) NOT NULL,
  `password` varchar(255) NOT NULL DEFAULT '',
  `rights` int(11) NOT NULL
) ENGINE=InnoDB DEFAULT CHARSET=utf8;

--
-- Dumping data for table `user`
--

INSERT INTO `user` (`id`, `email`, `first_name`, `last_name`, `password`, `rights`) VALUES
(1, 'admin@admin.com', 'Johnny', 'Doe', '$2y$10$SBk70HrdjF0H0npd2Qskjebdp82QLUePCZ5RiTll7Vjs9f70yMs3i', 1),
(4, 'user@user.com', 'Jane', 'Doe', '$2y$10$H1LTqMdenGfea/dkPkGSt.7OKiqfRILm2LJ2oWz2DU5WTM9Ds/4my', 0);

--
-- Indexes for dumped tables
--

--
-- Indexes for table `instructor`
--
ALTER TABLE `instructor`
  ADD PRIMARY KEY (`id`),
  ADD UNIQUE KEY `id_number` (`id_number`);

--
-- Indexes for table `meeting`
--
ALTER TABLE `meeting`
  ADD PRIMARY KEY (`id`),
  ADD KEY `timetable_id` (`timetable_id`),
  ADD KEY `subject_class_id` (`subject_class_id`),
  ADD KEY `meeting_room_id` (`room_id`),
  ADD KEY `trainee_group_id` (`trainee_group_id`),
  ADD KEY `subject_id` (`subject_id`),
  ADD KEY `instructor_id` (`instructor_id`);

--
-- Indexes for table `posts`
--
ALTER TABLE `posts`
  ADD PRIMARY KEY (`id`),
  ADD KEY `created_at` (`created_at`);

--
-- Indexes for table `room`
--
ALTER TABLE `room`
  ADD PRIMARY KEY (`id`),
  ADD KEY `type` (`type`);

--
-- Indexes for table `room_type`
--
ALTER TABLE `room_type`
  ADD PRIMARY KEY (`id`);

--
-- Indexes for table `subject`
--
ALTER TABLE `subject`
  ADD PRIMARY KEY (`id`),
  ADD UNIQUE KEY `code` (`code`);

--
-- Indexes for table `subject_class`
--
ALTER TABLE `subject_class`
  ADD PRIMARY KEY (`id`),
  ADD KEY `room_type` (`room_type_id`),
  ADD KEY `timetable_id` (`timetable_id`),
  ADD KEY `subject_id` (`subject_id`),
  ADD KEY `trainee_group_id` (`trainee_group_id`),
  ADD KEY `instructor_id` (`instructor_id`),
  ADD KEY `room_id` (`room_id`);

--
-- Indexes for table `timetable`
--
ALTER TABLE `timetable`
  ADD PRIMARY KEY (`id`);

--
-- Indexes for table `trainee_group`
--
ALTER TABLE `trainee_group`
  ADD PRIMARY KEY (`id`);

--
-- Indexes for table `user`
--
ALTER TABLE `user`
  ADD PRIMARY KEY (`id`);

--
-- AUTO_INCREMENT for dumped tables
--

--
-- AUTO_INCREMENT for table `instructor`
--
ALTER TABLE `instructor`
  MODIFY `id` int(4) NOT NULL AUTO_INCREMENT, AUTO_INCREMENT=65;
--
-- AUTO_INCREMENT for table `meeting`
--
ALTER TABLE `meeting`
  MODIFY `id` int(4) NOT NULL AUTO_INCREMENT, AUTO_INCREMENT=1603;
--
-- AUTO_INCREMENT for table `posts`
--
ALTER TABLE `posts`
  MODIFY `id` int(11) NOT NULL AUTO_INCREMENT, AUTO_INCREMENT=7;
--
-- AUTO_INCREMENT for table `room`
--
ALTER TABLE `room`
  MODIFY `id` int(4) NOT NULL AUTO_INCREMENT, AUTO_INCREMENT=28;
--
-- AUTO_INCREMENT for table `room_type`
--
ALTER TABLE `room_type`
  MODIFY `id` int(4) NOT NULL AUTO_INCREMENT, AUTO_INCREMENT=15;
--
-- AUTO_INCREMENT for table `subject`
--
ALTER TABLE `subject`
  MODIFY `id` int(4) NOT NULL AUTO_INCREMENT, AUTO_INCREMENT=66;
--
-- AUTO_INCREMENT for table `subject_class`
--
ALTER TABLE `subject_class`
  MODIFY `id` int(4) NOT NULL AUTO_INCREMENT, AUTO_INCREMENT=325;
--
-- AUTO_INCREMENT for table `timetable`
--
ALTER TABLE `timetable`
  MODIFY `id` int(4) NOT NULL AUTO_INCREMENT, AUTO_INCREMENT=13;
--
-- AUTO_INCREMENT for table `trainee_group`
--
ALTER TABLE `trainee_group`
  MODIFY `id` int(11) NOT NULL AUTO_INCREMENT, AUTO_INCREMENT=166;
--
-- AUTO_INCREMENT for table `user`
--
ALTER TABLE `user`
  MODIFY `id` int(4) NOT NULL AUTO_INCREMENT, AUTO_INCREMENT=5;
--
-- Constraints for dumped tables
--

--
-- Constraints for table `meeting`
--
ALTER TABLE `meeting`
  ADD CONSTRAINT `meeting_instructor_id` FOREIGN KEY (`instructor_id`) REFERENCES `instructor` (`id`) ON DELETE CASCADE ON UPDATE CASCADE,
  ADD CONSTRAINT `meeting_room_id` FOREIGN KEY (`room_id`) REFERENCES `room` (`id`) ON DELETE CASCADE ON UPDATE CASCADE,
  ADD CONSTRAINT `meeting_subject_class_id` FOREIGN KEY (`subject_class_id`) REFERENCES `subject_class` (`id`) ON DELETE CASCADE ON UPDATE CASCADE,
  ADD CONSTRAINT `meeting_subject_id` FOREIGN KEY (`subject_id`) REFERENCES `subject` (`id`) ON DELETE CASCADE ON UPDATE CASCADE,
  ADD CONSTRAINT `meeting_timetable_id` FOREIGN KEY (`timetable_id`) REFERENCES `timetable` (`id`) ON DELETE CASCADE ON UPDATE CASCADE,
  ADD CONSTRAINT `meeting_trainee_group_id` FOREIGN KEY (`trainee_group_id`) REFERENCES `trainee_group` (`id`) ON DELETE CASCADE ON UPDATE CASCADE;

--
-- Constraints for table `room`
--
ALTER TABLE `room`
  ADD CONSTRAINT `type` FOREIGN KEY (`type`) REFERENCES `room_type` (`id`) ON DELETE CASCADE ON UPDATE CASCADE;

--
-- Constraints for table `subject_class`
--
ALTER TABLE `subject_class`
  ADD CONSTRAINT `instructor` FOREIGN KEY (`instructor_id`) REFERENCES `instructor` (`id`) ON DELETE CASCADE ON UPDATE CASCADE,
  ADD CONSTRAINT `room` FOREIGN KEY (`room_id`) REFERENCES `room` (`id`) ON DELETE CASCADE ON UPDATE CASCADE,
  ADD CONSTRAINT `room_type` FOREIGN KEY (`room_type_id`) REFERENCES `room_type` (`id`) ON DELETE CASCADE ON UPDATE CASCADE,
  ADD CONSTRAINT `subject` FOREIGN KEY (`subject_id`) REFERENCES `subject` (`id`) ON DELETE CASCADE ON UPDATE CASCADE,
  ADD CONSTRAINT `timetable` FOREIGN KEY (`timetable_id`) REFERENCES `timetable` (`id`) ON DELETE CASCADE ON UPDATE CASCADE,
  ADD CONSTRAINT `trainee_group` FOREIGN KEY (`trainee_group_id`) REFERENCES `trainee_group` (`id`) ON DELETE CASCADE ON UPDATE CASCADE;

/*!40101 SET CHARACTER_SET_CLIENT=@OLD_CHARACTER_SET_CLIENT */;
/*!40101 SET CHARACTER_SET_RESULTS=@OLD_CHARACTER_SET_RESULTS */;
/*!40101 SET COLLATION_CONNECTION=@OLD_COLLATION_CONNECTION */;